/*
SQLyog Ultimate v12.08 (64 bit)
MySQL - 5.7.17-log : Database - renren_security
*********************************************************************
*/

/*!40101 SET NAMES utf8 */;

/*!40101 SET SQL_MODE=''*/;

/*!40014 SET @OLD_UNIQUE_CHECKS=@@UNIQUE_CHECKS, UNIQUE_CHECKS=0 */;
/*!40014 SET @OLD_FOREIGN_KEY_CHECKS=@@FOREIGN_KEY_CHECKS, FOREIGN_KEY_CHECKS=0 */;
/*!40101 SET @OLD_SQL_MODE=@@SQL_MODE, SQL_MODE='NO_AUTO_VALUE_ON_ZERO' */;
/*!40111 SET @OLD_SQL_NOTES=@@SQL_NOTES, SQL_NOTES=0 */;
CREATE DATABASE /*!32312 IF NOT EXISTS*/`renren_security` /*!40100 DEFAULT CHARACTER SET utf8 */;

USE `renren_security`;

/*Table structure for table `goods` */

DROP TABLE IF EXISTS `goods`;

CREATE TABLE `goods` (
  `id` bigint(20) NOT NULL AUTO_INCREMENT COMMENT '商品Id',
  `goods_title` varchar(64) DEFAULT NULL COMMENT '商品标题',
  `goods_img` varchar(255) DEFAULT NULL COMMENT '商品图片',
  `goods_detail` longtext COMMENT '商品详情介绍',
  `goods_stock` int(11) DEFAULT '0' COMMENT '商品库存,-1表示没有限制',
  `goods_min_price` decimal(10,2) DEFAULT '0.00' COMMENT '商品现最小价格',
  `goods_max_price` decimal(10,2) DEFAULT '0.00' COMMENT '商品现最大价格',
  `org_min_price` decimal(10,2) DEFAULT '0.00' COMMENT '原最小价格',
  `org_max_price` decimal(10,2) DEFAULT '0.00' COMMENT '原最大价格',
  `location` varchar(50) DEFAULT NULL COMMENT '所在地',
  `delivery_free` decimal(5,2) DEFAULT '0.00' COMMENT '运费 0 为免运费',
  `pay_count` int(11) DEFAULT '0' COMMENT '付款人数',
  `goods_category` int(11) DEFAULT '0' COMMENT '商品所在分类',
  PRIMARY KEY (`id`)
) ENGINE=InnoDB AUTO_INCREMENT=120 DEFAULT CHARSET=utf8;

/*Data for the table `goods` */

insert  into `goods`(`id`,`goods_title`,`goods_img`,`goods_detail`,`goods_stock`,`goods_min_price`,`goods_max_price`,`org_min_price`,`org_max_price`,`location`,`delivery_free`,`pay_count`,`goods_category`) values (4,'32寸网络智能wifi液晶电视机40家用特价彩电','https://img.alicdn.com/img/i2/17618906/O1CN01GU9dOb2FezqlhK6Fh_!!0-saturn_solar.jpg_210x210.jpg',NULL,7606,'478.00','0.00','878.00','0.00','广东广州','0.00',0,1412),(5,'王牌知音特价32寸42寸智能wifi网络电视机','//img.alicdn.com/img/i4/127784991/O1CN01hpNalr1mjvGJHK6Fg_!!0-saturn_solar.jpg_210x210.jpg',NULL,7355,'388.00','1998.00','398.00','2008.00','广州','0.00',677,1412),(6,'特价创维视云LED32 26智能Wifi网络19 28寸小型高清22液晶电视机','//gw3.alicdn.com/bao/uploaded/i3/3998358685/O1CN01geZTLK2E1mKRrNz8J_!!3998358685.jpg_210x210.jpg',NULL,11729,'138.00','798.00','238.00','898.00','上海','0.00',32,1412),(7,'coocaa/酷开 50K5S创维50英寸4K超高清智能网络平板液晶电视机55','//gw3.alicdn.com/bao/uploaded/i3/2555391676/O1CN01OjN3T21OFeIyRbsvU_!!0-item_pic.jpg_210x210.jpg',NULL,0,'1899.00','0.00','2699.00','0.00','深圳','0.00',2,1412),(8,'TCL 65V2 65英寸4K全金属超薄高清人工智能网络平板液晶大电视机','//gw3.alicdn.com/bao/uploaded/i4/2050532947/O1CN01aGSifj1XdliC7QPgn_!!0-item_pic.jpg_210x210.jpg',NULL,0,'3999.00','0.00','5999.00','0.00','惠州','0.00',51,1412),(9,'触摸教学一体机55/65/75/85寸电视幼儿园多媒体培训会议电子白板','//gw3.alicdn.com/bao/uploaded/i2/2989209262/O1CN012II2omct1lCKQV8_!!2989209262.jpg_210x210.jpg',NULL,0,'3800.00','0.00','0.00','0.00','广州','0.00',135,1412),(10,'coocaa/酷开 43K5C创维43英寸网络WIFI智能LED液晶平板电视机42','//gw2.alicdn.com/bao/uploaded/i2/250840343/O1CN01YwKgoA1EP8Lah9ZLw_!!250840343.jpg_210x210.jpg',NULL,0,'1399.00','0.00','1899.00','0.00','深圳','0.00',6,1412),(11,'TCL 43L2F 43英寸高清智能WIFI网络安卓20核平板LED液晶电视机','//gw1.alicdn.com/bao/uploaded/i4/2050532947/O1CN01CCamPU1XdliADdrBo_!!0-item_pic.jpg_210x210.jpg',NULL,0,'1499.00','0.00','2999.00','0.00','惠州','0.00',97,1412),(12,'创维coocaa/酷开43 K6S网络43英寸智能wifi平板液晶彩电视机40 50','//gw2.alicdn.com/bao/uploaded/i3/708557835/O1CN01VFjkEB27kTgJzzgKs_!!0-item_pic.jpg_210x210.jpg',NULL,0,'1499.00','0.00','2199.00','0.00','北京','0.00',4,1412),(13,'Changhong/长虹 39D3F 39英寸64位24核智能网络LED平板液晶电视机','//gw1.alicdn.com/bao/uploaded/i3/2430118810/O1CN01R1Uksi2Ex1qOMvis8_!!0-item_pic.jpg_210x210.jpg',NULL,0,'1399.00','0.00','1599.00','0.00','成都','0.00',5,1412),(14,'Changhong/长虹 55A3U 55英寸液晶电视4K超清人工智能网络安卓led','//gw3.alicdn.com/bao/uploaded/i1/2430118810/O1CN015HEOZd2Ex1qUDYXUX_!!0-item_pic.jpg_210x210.jpg',NULL,0,'2599.00','0.00','3999.00','0.00','成都','0.00',3,1412),(15,'kktv K5 43英寸康佳电视机43英寸1+16G电视机网络液晶康佳K43K5','//gw2.alicdn.com/bao/uploaded/i2/3869442185/O1CN01IYWBnq1S0luO6egNr_!!0-item_pic.jpg_210x210.jpg',NULL,0,'1399.00','0.00','2299.00','0.00','深圳','0.00',7,1412),(16,'Changhong/长虹 39D3F 39寸LED液晶电视机平板智能网络wifi彩电40','//gw2.alicdn.com/bao/uploaded/i2/2831322485/O1CN01Ua1jsg1UEAjC2E7M2_!!0-item_pic.jpg_210x210.jpg',NULL,0,'1399.00','0.00','1999.00','0.00','绵阳','0.00',3,1412),(17,'coocaa/酷开 43K5C创维43英寸网络WIFI智能LED液晶平板电视机42','//gw3.alicdn.com/bao/uploaded/i3/2555391676/O1CN01WCypRt1OFeJR5vDaD_!!0-item_pic.jpg_210x210.jpg',NULL,0,'1399.00','0.00','1899.00','0.00','北京','0.00',15,1412),(18,'kktv U40 康佳40英寸电视机4K高清31核智能网络LED液晶42 43电视','//gw3.alicdn.com/bao/uploaded/i1/3515402915/O1CN01aN2TQE1XP72Lebobj_!!0-item_pic.jpg_210x210.jpg',NULL,0,'1399.00','0.00','2599.00','0.00','深圳','0.00',7,1412),(19,'Hisense/海信 HZ43E35A 43英寸高清智能WIFI网络平板LED液晶电视','//gw3.alicdn.com/bao/uploaded/i1/1728252713/O1CN01ynDl271Vub1Sm1eXK_!!1728252713.jpg_210x210.jpg',NULL,0,'1499.00','0.00','0.00','0.00','青岛','0.00',34,1412),(20,'小米电视4A 40英寸智能网络wifi超高清4k液晶平板电视机43 32彩电','//gw1.alicdn.com/bao/uploaded/i2/2217765233/O1CN01sO2mkO1oWl70FzF3t_!!2217765233.jpg_210x210.jpg',NULL,0,'786.00','0.00','986.00','0.00','深圳','0.00',48,1412),(21,'创维coocaa/酷开43K5C网络43英寸WIFI智能液晶平板彩电视机42 32','//gw3.alicdn.com/bao/uploaded/i3/708557835/O1CN01NKYpVe27kTgHFebPG_!!0-item_pic.jpg_210x210.jpg',NULL,0,'1399.00','0.00','1899.00','0.00','北京','0.00',3,1412),(22,'小米电视4S 43英寸超高清4K智能网络WIFi液晶平板电视机40 50彩电','//gw2.alicdn.com/bao/uploaded/i2/2217765233/O1CN01oyqzpd1oWl73n2MP5_!!2217765233.jpg_210x210.jpg',NULL,0,'1159.00','0.00','1359.00','0.00','深圳','0.00',18,1412),(23,'Skyworth/创维 49H5 49吋4K超清智能网络全面屏平板液晶电视机50','//gw2.alicdn.com/bao/uploaded/i4/2168706440/O1CN012AbAXg1xRZAcVHXeE_!!0-item_pic.jpg_210x210.jpg',NULL,0,'2699.00','0.00','3599.00','0.00','深圳','0.00',3,1412),(24,'Panasonic/松下 TH-50FX520C 50英寸4K超高清智能HDR液晶电视机','//gw3.alicdn.com/bao/uploaded/i3/3970536945/O1CN01T5v14O21ArBOOfhKB_!!0-item_pic.jpg_210x210.jpg',NULL,0,'2999.00','0.00','4999.00','0.00','苏州','0.00',3,1412),(25,'全新特价32寸平板电视30/42/46/55/65/70寸usb高清4K智能wifi液晶','//gw3.alicdn.com/bao/uploaded/i2/4117220918/O1CN01or5FA41IeU5NjED6N_!!4117220918.jpg_210x210.jpg',NULL,0,'368.00','0.00','408.00','0.00','广州','0.00',17,1412),(26,'电视机55寸60 70 65 32英寸电视曲面平板4k','//img.alicdn.com/img/i4/132655463/O1CN01WhQ5kf1qE6CsMeh6R_!!0-saturn_solar.jpg_210x210.jpg',NULL,0,'399.00','0.00','0.00','0.00','广州','0.00',399,1412),(27,'wifi智能网络55寸液晶电视电视机42 65 75','//img.alicdn.com/img/i1/33081960/O1CN01miNzSQ1QLimlUyPSM_!!0-saturn_solar.jpg_210x210.jpg',NULL,0,'688.00','0.00','888.00','0.00','广州','0.00',879,1412),(28,'买一送一秘鲁蓝莓鲜果新鲜水果进口包邮当季','//img.alicdn.com/img/i4/116694812/O1CN01a6EiJs1lPwNDVi4cj_!!0-saturn_solar.jpg_210x210.jpg',NULL,0,'89.00','0.00','185.10','0.00','嘉兴','0.00',2776,739),(29,'野生蓝莓果干 新老顾客都来买吧 浆果之王','//gw2.alicdn.com/bao/uploaded/i1/19165025794055546/T19_1UXCthXXXXXXXX_!!0-item_pic.jpg_210x210.jpg',NULL,0,'106.00','0.00','0.00','0.00','哈尔滨','0.00',99,739),(30,'许氏醇品山果集 野生蓝莓干 蔓越莓干无添加大兴安岭特级非长白山','//gw1.alicdn.com/bao/uploaded/i3/921722821/TB1IgW0aHGYBuNjy0FoXXciBFXa_!!0-item_pic.jpg_210x210.jpg',NULL,0,'65.00','0.00','130.00','0.00','漳州','6.00',43,739),(31,'长白山野生无添加蓝莓干网红小吃果干500g休闲食品小包装 护眼','//gw3.alicdn.com/bao/uploaded/i2/52943580/O1CN01yOtEbn1cJgQAC7p74_!!2-item_pic.png_210x210.jpg',NULL,0,'49.50','0.00','0.00','0.00','白山','0.00',37,739),(32,'香港代购 楼上【美国特选天然蓝莓干】227g 不含防腐剂','//gw1.alicdn.com/bao/uploaded/i2/1592283956/TB2zgzvEhSYBuNjSspjXXX73VXa_!!1592283956.jpg_210x210.jpg',NULL,0,'38.00','0.00','0.00','0.00','深圳','0.00',71,739),(33,'香港代购 楼上 【美国天然蓝莓干】227g','//gw3.alicdn.com/bao/uploaded/i4/1592283956/TB2iUTsw9tYBeNjSspaXXaOOFXa_!!1592283956.jpg_210x210.jpg',NULL,0,'42.00','0.00','0.00','0.00','深圳','0.00',36,739),(34,'【壮壮豆豆】蓝莓果美国进口格林斯丹蓝莓果干蜜饯零食250g包邮','//gw3.alicdn.com/bao/uploaded/i1/700195909/TB2obwvjAfb_uJjSsrbXXb6bVXa_!!700195909.jpg_210x210.jpg',NULL,0,'42.60','0.00','80.00','0.00','枣庄','0.00',41,739),(35,'小林制药日本原装进口保护视力缓解眼干预防眼疾蓝莓精华颗粒60粒','//gw2.alicdn.com/bao/uploaded/i4/2883870050/O1CN01hOkAuV1CEwJ8lWlhl_!!0-item_pic.jpg_210x210.jpg',NULL,0,'158.00','0.00','328.00','0.00','日本','0.00',216,739),(36,'现货澳洲 bio island越桔精华蓝莓素叶黄素护眼胶囊 180粒','//gw2.alicdn.com/bao/uploaded/i2/2329313549/TB2OBv7i3fH8KJjy1zcXXcTzpXa_!!2329313549.jpg_210x210.jpg',NULL,0,'169.00','0.00','0.00','0.00','宁波','0.00',24,739),(37,'8408 熊宝宝儿童蓝莓咀嚼糖果 90克 保护眼睛 正品 包邮','//gw1.alicdn.com/bao/uploaded/i4/929788782/TB2aPvCaRyWBuNkSmFPXXXguVXa_!!929788782.jpg_210x210.jpg',NULL,0,'130.00','0.00','0.00','0.00','沈阳','0.00',45,739),(38,'克拉农场原味蓝莓干 美国原产蓝莓果干蛋糕装饰 烘焙原料原装50g','//gw1.alicdn.com/bao/uploaded/i3/27567810/O1CN01BlUDVJ27Z1mLaRWaH_!!0-item_pic.jpg_210x210.jpg',NULL,0,'13.80','0.00','0.00','0.00','上海','0.00',39,739),(39,'8408美乐家儿童蓝莓咀嚼糖果60粒美乐家儿童观适健熊宝宝蓝莓包邮','//gw2.alicdn.com/bao/uploaded/i2/3173186906/TB1jIoczxGYBuNjy0FnXXX5lpXa_!!0-item_pic.jpg_210x210.jpg',NULL,0,'128.00','0.00','0.00','0.00','鞍山','0.00',47,739),(40,'20.5月新包装240粒眼睛 越橘蓝莓叶黄素精华软胶囊 美国普丽普莱','//gw3.alicdn.com/bao/uploaded/i1/43476983/O1CN01FNTzPX21SGDyJAaL8_!!0-item_pic.jpg_210x210.jpg',NULL,0,'54.00','0.00','0.00','0.00','新界','0.00',151,739),(41,'【老爸推荐】-粒大味美的蓝莓干 150g','//gw3.alicdn.com/bao/uploaded/i3/3012015722/TB2NHvmDKOSBuNjy0FdXXbDnVXa_!!3012015722.jpg_210x210.jpg',NULL,0,'39.00','0.00','0.00','0.00','杭州','0.00',572,739),(42,'澳洲澳佳宝Blackmores 叶黄素片护眼宁蓝莓 缓解视力疲劳30粒','//gw3.alicdn.com/bao/uploaded/i2/2329313549/TB2XjI6awLD8KJjSszeXXaGRpXa_!!2329313549.jpg_210x210.jpg',NULL,0,'58.00','0.00','0.00','0.00','宁波','0.00',14,739),(43,'雪海梅乡 蓝钻石蓝莓干110g 蓝莓果干蜜饯果脯 零食小吃休闲食品','//gw3.alicdn.com/bao/uploaded/i3/1837119081/O1CN011FrE1f2Gx9B0yiHFo_!!0-item_pic.jpg_210x210.jpg',NULL,0,'29.90','0.00','59.00','0.00','杭州','0.00',28,739),(44,'【沃隆蓝莓干180g】 蜜饯水果干休闲零食 蓝莓果干烘焙原料特产','//gw2.alicdn.com/bao/uploaded/i2/2745562235/O1CN01QP8OQV1SNfiGGcGZE_!!0-item_pic.jpg_210x210.jpg',NULL,0,'36.90','0.00','109.80','0.00','青岛','0.00',610,739),(45,'美国特产大粒蓝莓果干500g非东北野生蓝莓 自配混合坚果烘焙材料','//gw1.alicdn.com/bao/uploaded/i4/302101255/TB2eF1Zq3mTBuNjy1XbXXaMrVXa_!!302101255.jpg_210x210.jpg',NULL,0,'59.90','0.00','70.00','0.00','上海','0.00',116,739),(46,'野生蓝莓果干500g产自伊春小兴安岭','//gw3.alicdn.com/bao/uploaded/i1/2068919544/O1CN01yKlFyj2KNCX5qQJ7u_!!2068919544.jpg_210x210.jpg',NULL,0,'42.80','0.00','80.00','0.00','伊春','0.00',1408,739),(47,'楼上 蓝莓干 美国进口蓝莓干原粒即食 227克（中通)','//gw2.alicdn.com/bao/uploaded/i3/2194740761/O1CN011HUZrrF5N7a857O_!!0-item_pic.jpg_210x210.jpg',NULL,0,'34.00','0.00','0.00','0.00','新界','0.00',1158,739),(48,'ORBIS/奥蜜思护眼蓝莓丸40粒 护眼保健品呵护视力护眼丸 官方正品','//gw3.alicdn.com/bao/uploaded/i4/2831342753/O1CN01unPhQO1WCus0qyvKD_!!0-item_pic.jpg_210x210.jpg',NULL,0,'129.00','0.00','149.00','0.00','日本','0.00',29,739),(49,'小林仙蓝莓干500g野生无添加蓝莓干蓝莓果干','//img.alicdn.com/img/i2/1232906027266910285/TB2yuelp.hnpuFjSZFEXXX0PFXa_!!0-saturn_solar.jpg_210x210.jpg',NULL,0,'49.90','0.00','69.00','0.00','延边朝鲜族','0.00',1764,739),(50,'4盒智利进口蓝莓鲜果空运当季精选500g','//img.alicdn.com/img/i4/304290151/O1CN01RqyNtQ1CzCJLwqEw1_!!0-saturn_solar.jpg_210x210.jpg',NULL,0,'69.90','0.00','216.00','0.00','上海','0.00',18,739),(51,'花花公子男士外套2019春商务夹克中年人褂子','//img.alicdn.com/img/i2/98332397/O1CN01XvTX6O1TZrrnMLeEA_!!0-saturn_solar.jpg_210x210.jpg',NULL,0,'269.00','0.00','698.00','0.00','嘉兴','0.00',2679,0),(52,'Hollister2019年春季新品连帽图案T恤 男 240809-1','//gw3.alicdn.com/bao/uploaded/i2/2091178755/O1CN017cuEhU2EXq32uBqdR_!!0-item_pic.jpg_210x210.jpg',NULL,0,'269.00','0.00','0.00','0.00','上海','0.00',106,0),(53,'GUESS2019新款春男士纯色倒三角LOGO套头卫衣-X84P07R2080','//gw1.alicdn.com/bao/uploaded/i4/1656456252/O1CN01r9vV591w3SgzpniYL_!!0-item_pic.jpg_210x210.jpg',NULL,0,'279.00','0.00','399.00','0.00','上海','0.00',70,0),(54,'Hollister2019年春季新品Logo图案短袖T恤 男 240807-1','//gw3.alicdn.com/bao/uploaded/i2/2091178755/O1CN01YVzTZ22EXq3kdGLUv_!!2091178755.jpg_210x210.jpg',NULL,0,'179.00','0.00','199.00','0.00','上海','0.00',97,0),(55,'马克华菲短袖T恤男士2019春季新款简约字母刺绣异色拼接休闲上衣','//gw3.alicdn.com/bao/uploaded/i1/94399436/O1CN01bRxykM2JZjmRZ3SFb_!!0-item_pic.jpg_210x210.jpg',NULL,0,'188.00','0.00','325.00','0.00','上海','0.00',182,0),(56,'A21春季2019新款男装卫衣 青春活力色块撞色宽松立领长袖卫衣外套','//gw1.alicdn.com/bao/uploaded/i4/1601145275/O1CN01vWdZtq1opzklIhuii-1601145275.jpg_210x210.jpg',NULL,0,'179.00','0.00','369.00','0.00','东莞','0.00',105,2),(57,'it UNDER GARDEN男装短袖T恤2019春季新品个性图案印花1163XAC','//assets.alicdn.com/mw/s/common/icons/nopic/no-90.png',NULL,0,'229.00','0.00','269.00','0.00','上海','0.00',699,2),(58,'花花公子2019春季新款外套男学生韩版潮流运动休闲透气修身夹克男','//assets.alicdn.com/mw/s/common/icons/nopic/no-90.png',NULL,0,'189.00','0.00','368.00','0.00','泉州','0.00',305,0),(59,'Gap男装印花连帽卫衣春装436778 E 2019春季新款男士潮流logo上衣','//assets.alicdn.com/mw/s/common/icons/nopic/no-90.png',NULL,0,'259.00','0.00','399.00','0.00','苏州','0.00',34,2),(60,'花花公子2019春季新款夹克男青年韩版休闲透气迷彩针织男士潮外套','//assets.alicdn.com/mw/s/common/icons/nopic/no-90.png',NULL,0,'189.00','0.00','368.00','0.00','泉州','0.00',82,0),(61,'美特斯邦威T恤男2019春季新款男士韩版潮流印花学生T恤男-拼下','//assets.alicdn.com/mw/s/common/icons/nopic/no-90.png',NULL,0,'89.90','0.00','119.00','0.00','上海','0.00',409,0),(62,'A21春季2019新款男装 潮流男生长袖T恤衫圆领男套衫时尚打底衣','//assets.alicdn.com/mw/s/common/icons/nopic/no-90.png',NULL,0,'79.00','0.00','159.00','0.00','东莞','0.00',353,2),(63,'UR2019春季新品男装成熟风字母纽扣饰帽领短外套MV08S1BN2006','//assets.alicdn.com/mw/s/common/icons/nopic/no-90.png',NULL,0,'559.00','0.00','0.00','0.00','广州','0.00',8,2),(64,'外套男春秋韩版潮流2019新款帅气衣服休闲时尚工装夹克青少年男装','//assets.alicdn.com/mw/s/common/icons/nopic/no-90.png',NULL,0,'128.00','0.00','338.00','0.00','厦门','0.00',15,2),(65,'H＆M DIVIDED男装2019年春季新款上衣男拼色卫衣HM0710400','//assets.alicdn.com/mw/s/common/icons/nopic/no-90.png',NULL,0,'129.00','0.00','0.00','0.00','苏州','0.00',101,2),(66,'男士春季外套2019新款春秋衣服韩版学生帅气工装牛仔夹克春装潮流','//assets.alicdn.com/mw/s/common/icons/nopic/no-90.png',NULL,0,'118.00','0.00','236.00','0.00','泉州','0.00',11,0),(67,'骆驼牌男装 2019春季新款防风透气时尚纯色夹克男士日常休闲外套','//assets.alicdn.com/mw/s/common/icons/nopic/no-90.png',NULL,0,'348.00','0.00','698.00','0.00','广州','0.00',119,2),(68,'H＆M 男装DIVIDED2019年春季新款 连帽外套 HM0733461','//assets.alicdn.com/mw/s/common/icons/nopic/no-90.png',NULL,0,'199.00','0.00','0.00','0.00','苏州','0.00',38,2),(69,'Gap男装抓绒打底套头卫衣852079-2 2019新款春装男士圆领内搭上衣','//assets.alicdn.com/mw/s/common/icons/nopic/no-90.png',NULL,0,'195.00','0.00','299.00','0.00','苏州','0.00',56,2),(70,'森马卫衣男2019春季新款撞色圆领套头上衣男士简约字母印花外套','//assets.alicdn.com/mw/s/common/icons/nopic/no-90.png',NULL,0,'139.90','0.00','199.00','0.00','杭州','0.00',258,0),(71,'DJPY男装2019新款春季夹克男宽松大码日系复古连帽工装外套男潮牌','//assets.alicdn.com/mw/s/common/icons/nopic/no-90.png',NULL,0,'168.00','0.00','0.00','0.00','杭州','0.00',10,2),(72,'情侣运动服装女套装男长袖春秋休闲卫衣','//assets.alicdn.com/mw/s/common/icons/nopic/no-90.png',NULL,0,'178.00','0.00','298.00','0.00','武汉','0.00',2279,0),(73,'春季男士薄款夹克衫春秋中年男装休闲西装男','//assets.alicdn.com/mw/s/common/icons/nopic/no-90.png',NULL,0,'238.00','0.00','888.00','0.00','济南','0.00',908,2),(74,'2019新款女装时尚女士春季显瘦休闲套装春秋','//img.alicdn.com/img/i2/123490205507571099/TB2wcADnFXXXXccXXXXXXXXXXXX_!!0-saturn_solar.jpg_210x210.jpg',NULL,0,'178.00','0.00','296.00','0.00','佛山','0.00',3005,0),(75,'MsShe大码女装2019新款春装胖mm印花抽绳橡筋腰弹力棉裤M1903113','//gw3.alicdn.com/bao/uploaded/i4/445529553/O1CN01eTHRu52KRK74i3KzZ_!!0-item_pic.jpg_210x210.jpg',NULL,0,'179.00','0.00','249.00','0.00','广州','0.00',584,63),(76,'MsShe大码女装2019新款春装胖mm字母印花圆领七分袖卫衣M1903021','//gw1.alicdn.com/bao/uploaded/i4/445529553/O1CN01BNEQ2G2KRK7I5cVfl_!!0-item_pic.jpg_210x210.jpg',NULL,0,'159.00','0.00','199.00','0.00','广州','0.00',176,63),(77,'范奎恩大码女装胖MM裤子2019新款春装胖妹妹200斤显瘦破洞牛仔裤','//gw3.alicdn.com/bao/uploaded/i3/2088979982/O1CN01VeD4KL2Nbo1jNlZbB_!!0-item_pic.jpg_210x210.jpg',NULL,0,'159.00','0.00','308.00','0.00','济南','0.00',174,63),(78,'胖mm阔腿裤2019新款春装胖妹妹牛仔九分裤大码女装弹力显痩裤子女','//gw3.alicdn.com/bao/uploaded/i4/692558542/O1CN016GjWTh2CyHhQRZ4uK_!!0-item_pic.jpg_210x210.jpg',NULL,60,'139.00','0.00','278.00','0.00','东莞','0.00',240,63),(79,'春哥大码女装2019春季新款200斤胖妹妹藏肉针织衫宽松显瘦上衣','//gw3.alicdn.com/bao/uploaded/i2/657171867/O1CN01sb97y31Pf7xA02cgb_!!657171867.jpg_210x210.jpg',NULL,0,'129.00','0.00','258.00','0.00','东莞','0.00',179,63),(80,'肉卷家大码衬衫复古格子撞色领百搭打底雪纺衫2019春季新款女装','//gw3.alicdn.com/bao/uploaded/i2/271971668/O1CN01tDUcnC1OBz8b2W5Zc_!!271971668.jpg_210x210.jpg',NULL,0,'119.00','0.00','0.00','0.00','北京','0.00',122,0),(81,'夏大大大码女装高腰显瘦休闲裤春装新款2019胖mm洋气个性气质阔腿','//gw1.alicdn.com/bao/uploaded/i2/2836003954/O1CN01bHsLTD1f4yXw6MF0Z_!!2836003954.jpg_210x210.jpg',NULL,0,'108.00','0.00','216.00','0.00','杭州','0.00',75,63),(82,'2019春夏新款大码女装两件套装胖mm长袖V领衬衣+显瘦阔腿裤长裤','//gw1.alicdn.com/bao/uploaded/i4/3086586285/O1CN01GvdWAO1wIZmCg4nzD_!!0-item_pic.jpg_210x210.jpg',NULL,0,'179.00','0.00','358.00','0.00','广州','0.00',63,63),(83,'大姗姗家2019春季新款韩版牛仔裤胖妹妹宽松大码女装复古时尚潮裤','//gw3.alicdn.com/bao/uploaded/i3/1889175486/O1CN01mZF3no1qOdJX3Bc9l_!!1889175486.jpg_210x210.jpg',NULL,0,'99.88','0.00','113.50','0.00','鞍山','0.00',49,63),(84,'大姗姗家胖mm加肥加大码女装2019春季网红款弹力短袖T恤上衣200斤','//gw1.alicdn.com/bao/uploaded/i3/1889175486/O1CN01J9UZe21qOdJTDYRPm_!!1889175486.jpg_210x210.jpg',NULL,2594,'90.64','0.00','103.00','0.00','鞍山','0.00',74,63),(85,'胖mm春装2019新款大码女装韩版显瘦大方领条纹针织衫百搭打底衫','//gw3.alicdn.com/bao/uploaded/i3/73903600/O1CN01QbBT0C1cSqL2lawBb_!!73903600.jpg_210x210.jpg',NULL,0,'99.00','0.00','0.00','0.00','重庆','0.00',293,63),(86,'范奎恩大码女装胖MM2019春装新款显瘦上衣200斤胖妹妹打底宽松T恤','//gw2.alicdn.com/bao/uploaded/i1/2088979982/O1CN01LbTnXY2Nbo1jSFBeE_!!0-item_pic.jpg_210x210.jpg',NULL,0,'89.00','0.00','168.00','0.00','济南','0.00',202,63),(87,'南岛风大码女装遮肚子连衣裙洋气显瘦新款2019春装胖mm格子裙子潮','//gw3.alicdn.com/bao/uploaded/i3/879341624/O1CN01KkxHw01Nrphqv7J2U_!!879341624.jpg_210x210.jpg',NULL,0,'139.90','0.00','186.00','0.00','杭州','0.00',79,63),(88,'◆ASM◆2019春季新款复古挂肩套头上衣气质修身休闲T恤打底衫女装','//gw2.alicdn.com/bao/uploaded/i3/266969832/O1CN01N4IS0T2MV6cORiGXi_!!266969832.jpg_210x210.jpg',NULL,0,'99.99','0.00','0.00','0.00','杭州','0.00',9251,0),(89,'2019春季新款大码女装200斤胖MM甜美减龄网红针织两件套装裙67318','//gw3.alicdn.com/bao/uploaded/i3/118548351/O1CN01ygK9W52BYo1ho7OiR_!!118548351.jpg_210x210.jpg',NULL,0,'89.00','0.00','148.00','0.00','东莞','0.00',84,63),(90,'夏大大大码女装春装新款2019洋气长袖V领T恤小心机胖mm上衣加大','//gw3.alicdn.com/bao/uploaded/i3/2836003954/O1CN011f4yUqYDZxWgFt6_!!2836003954.jpg_210x210.jpg',NULL,0,'98.00','0.00','196.00','0.00','杭州','0.00',18,63),(91,'蓝语定制大码女装2019新款洋气裙子胖妹妹mm宽松显瘦遮肚连衣裙春','//gw2.alicdn.com/bao/uploaded/i4/743792891/O1CN01wd2JA21XE7Wsw9vOm_!!743792891.jpg_210x210.jpg',NULL,0,'159.80','0.00','318.00','0.00','杭州','0.00',62,63),(92,'大码女装胖mm2019早春新款棉质上衣韩版宽松休闲百搭印花短袖T恤','//gw3.alicdn.com/bao/uploaded/i3/73903600/O1CN01ZTIzKB1cSqKYPVd6S_!!73903600.jpg_210x210.jpg',NULL,0,'75.00','0.00','0.00','0.00','重庆','0.00',9,63),(93,'vogana戛纳家大码女装紧身小脚牛仔裤2019春季新款高腰显瘦微胖mm','//gw1.alicdn.com/bao/uploaded/i2/111105495/O1CN01qjNPGd1qSksX3l64O_!!111105495.jpg_210x210.jpg',NULL,0,'128.00','0.00','0.00','0.00','宁波','0.00',320,63),(94,'新款大码女装韩版纯色弹力修身脚口开叉牛仔裤2019春季百搭铅笔裤','//gw3.alicdn.com/bao/uploaded/i4/303431599/O1CN01TfvnfD1NgNniDlZyu_!!0-item_pic.jpg_210x210.jpg',NULL,0,'79.00','0.00','0.00','0.00','苏州','0.00',118,63),(95,'新款春秋很仙的雪纺连衣裙复古a字性感长裙','//img.alicdn.com/img/i2/15171914/O1CN01bPBbRF1Q0eZXMGF7h_!!0-saturn_solar.jpg_210x210.jpg',NULL,0,'239.00','0.00','9999.00','0.00','厦门','0.00',466,0),(96,'初春欧货两件套御姐洋气小西装套装裙气质法','//img.alicdn.com/img/i3/28601063/O1CN017zVllh1JitWDa1lnV_!!0-saturn_solar.jpg_210x210.jpg',NULL,0,'298.00','0.00','688.00','0.00','杭州','0.00',595,0),(97,'[官方正品] 兰蔻小黑瓶精华肌底液 补水保湿','//img.alicdn.com/img/i2/107515971/O1CN01a4I5Ap1tylPdhXzQ4_!!0-saturn_solar.jpg_210x210.jpg',NULL,0,'760.00','0.00','0.00','0.00','苏州','0.00',10426,399),(98,'稀缺的中样兰蔻新菁纯臻颜丝润晚霜15ml 2020年抗皱国内专柜中样','//gw3.alicdn.com/bao/uploaded/i1/739171675/O1CN011OFBsfcHzk7iB9x_!!739171675.jpg_210x210.jpg',NULL,0,'129.00','0.00','0.00','0.00','长沙','0.00',33,399),(99,'2瓶包邮 贵妇霜！兰蔻新菁纯臻颜润养日霜15ml紧致抗皱 价值804元','//gw3.alicdn.com/bao/uploaded/i2/53707532/O1CN01ceDVAg25VhfaTqRYP_!!0-item_pic.jpg_210x210.jpg',NULL,0,'115.00','0.00','120.00','0.00','唐山','0.00',56,399),(100,'国内柜台兰蔻 菁纯 臻颜 滋润 眼霜 5ml 中文标2021 3个打包价370','//gw1.alicdn.com/bao/uploaded/i4/22751123/O1CN01XkzSa21KANGQ3RyUM_!!22751123.jpg_210x210.jpg',NULL,0,'135.00','0.00','0.00','0.00','南京','0.00',82,399),(101,'西安专柜正品小样 兰蔻黑金臻宠美容液10ml 柜台价1520 高端限量','//gw2.alicdn.com/bao/uploaded/i3/478983551/O1CN0170vQME1c6OvN30UoR_!!0-item_pic.jpg_210x210.jpg',NULL,0,'78.00','0.00','0.00','0.00','西安','0.00',16,399),(102,'专柜中小样 兰蔻塑颜紧致焕白霜15ml 新品雪花霜 滋润提拉','//gw3.alicdn.com/bao/uploaded/i1/735720621/O1CN011GSSQ2kivXs74O4_!!735720621.jpg_210x210.jpg',NULL,0,'70.00','0.00','0.00','0.00','北京','0.00',27,399),(103,'兰蔻菁纯臻颜滋润眼霜3ml/5ml 国内专柜小样 改善眼袋细纹干燥','//gw3.alicdn.com/bao/uploaded/i1/36247128/TB2q56dyuSSBuNjy0FlXXbBpVXa_!!36247128.jpg_210x210.jpg',NULL,0,'118.00','0.00','0.00','0.00','常州','0.00',122,399),(104,'淡化黑眼圈+保湿 | 兰蔻 小黑瓶眼霜 发光眼霜 5ml 价值173元','//gw3.alicdn.com/bao/uploaded/i3/86109864/O1CN012MjlGLW0OtylgUI_!!86109864.jpg_210x210.jpg',NULL,0,'60.00','0.00','0.00','0.00','广州','0.00',287,399),(105,'国内专柜小样 兰蔻小黑瓶7ml新精华肌底液 3瓶145元包邮 21年03月','//gw1.alicdn.com/bao/uploaded/i3/21792573/O1CN01fSjNJV1UsTZqf4uQy_!!21792573.jpg_210x210.jpg',NULL,0,'50.00','0.00','0.00','0.00','长沙','0.00',136,399),(106,'30片包邮兰蔻/Lancome精华肌底液小样1ml 小黑瓶 补水保湿发老款','//gw1.alicdn.com/bao/uploaded/i2/750428440/O1CN01Vbatw12CDZIbuZmYk_!!0-item_pic.jpg_210x210.jpg',NULL,0,'4.99','0.00','0.00','0.00','杭州','0.00',494,399),(107,'新版 兰蔻新精华肌底液1ml 小黑瓶基底精华片装 20年 专柜中小样','//gw2.alicdn.com/bao/uploaded/i2/1469871/O1CN012Mmy22EKoCsidIK_!!1469871.jpg_210x210.jpg',NULL,0,'5.48','0.00','0.00','0.00','北京','0.00',167,399),(108,'兰蔻新肌底修护舒缓精华液1ml 小黑瓶安瓶精华 片装小样20年到期','//gw3.alicdn.com/bao/uploaded/i1/1469871/TB2V2uInxHI8KJjy1zbXXaxdpXa_!!1469871.jpg_210x210.jpg',NULL,0,'7.48','0.00','0.00','0.00','北京','0.00',61,399),(109,'兰蔻粉水 新清滢柔肤水50ml专柜中样试用装玫瑰水舒缓滋润补水','//gw2.alicdn.com/bao/uploaded/i4/64898582/O1CN018tbaFd2DGbWRb2s8G_!!64898582.jpg_210x210.jpg',NULL,0,'55.00','0.00','0.00','0.00','长沙','0.00',160,399),(110,'【国内专柜】Lancome专柜兰蔻粉水 清莹柔肤水保湿水400ml包邮','//gw2.alicdn.com/bao/uploaded/i2/816290202/O1CN011DMYSV2KSygCzHU_!!816290202.jpg_210x210.jpg',NULL,0,'315.00','0.00','0.00','0.00','深圳','0.00',16,399),(111,'新品兰蔻塑颜紧致焕白霜 15ML雪花霜中文标2021','//gw3.alicdn.com/bao/uploaded/i2/22751123/O1CN011KANF3aLWUnFK1G_!!22751123.jpg_210x210.jpg',NULL,0,'62.00','0.00','0.00','0.00','南京','0.00',48,399),(112,'【10片包邮】兰蔻新肌底修护舒缓精华液 1ML小样 安瓶精华 20年','//gw3.alicdn.com/bao/uploaded/i2/1878511629/TB2N6GlgQyWBuNjy0FpXXassXXa_!!1878511629.jpg_210x210.jpg',NULL,0,'7.99','0.00','0.00','0.00','南京','0.00',44,399),(113,'兰蔻小黑瓶小嫩膜肌底精华浸润修护补水面膜28g 保湿滋润滋养','//gw2.alicdn.com/bao/uploaded/i2/2360209412/O1CN01N6gI8T2JOkHCS16pZ_!!0-item_pic.jpg_210x210.jpg',NULL,0,'95.00','0.00','0.00','0.00','苏州','0.00',19,399),(114,'美白+抗老 对标菁纯美白线！兰蔻 紧致焕白霜 雪花霜15ml 值268元','//gw2.alicdn.com/bao/uploaded/i3/86109864/O1CN01bZno7G2MjlHAXcmim_!!86109864.jpg_210x210.jpg',NULL,0,'66.00','0.00','0.00','0.00','广州','0.00',175,399),(115,'5个包邮 Lancome/兰蔻玫瑰露清滢柔肤化妆水/粉水50ml 舒缓补水','//gw3.alicdn.com/bao/uploaded/i4/53707532/O1CN01qBr04I25VhfhDd48R_!!0-item_pic.jpg_210x210.jpg',NULL,0,'45.00','0.00','0.00','0.00','唐山','0.00',107,399),(116,'兰蔻粉水清滢柔肤水50ml 补水保湿舒缓敏感肌可用正品中小样','//gw1.alicdn.com/bao/uploaded/i1/2965033674/TB2gPqLHMmTBuNjy1XbXXaMrVXa_!!2965033674.jpg_210x210.jpg',NULL,0,'48.90','0.00','0.00','0.00','唐山','0.00',38,399),(117,'三个包邮 国柜兰蔻菁纯臻颜润养美容液50ml 保湿抗老 专柜820！','//gw2.alicdn.com/bao/uploaded/i2/861157734/O1CN01arB4vp270DfnAkx60_!!861157734.jpg_210x210.jpg',NULL,0,'64.00','0.00','0.00','0.00','厦门','0.00',140,399),(118,'[官方正品]兰蔻新持妆粉底液 自然不假面','//img.alicdn.com/img/i2/107515971/O1CN01m0GENd1tylPbarAKw_!!0-saturn_solar.jpg_210x210.jpg',NULL,0,'420.00','0.00','0.00','0.00','苏州','0.00',18513,399),(119,'法国珍爱女香水璀璨+催眠+爱恋+美丽Q版礼盒','//img.alicdn.com/img/i2/14431692/O1CN01I5EizQ1OMydxoLDl8_!!0-saturn_solar.jpg_210x210.jpg',NULL,0,'300.00','0.00','0.00','0.00','上海','0.00',6,0);

/*Table structure for table `goods_category` */

DROP TABLE IF EXISTS `goods_category`;

CREATE TABLE `goods_category` (
  `id` int(11) NOT NULL AUTO_INCREMENT,
  `pid` int(11) DEFAULT '0' COMMENT '父id',
  `name_cn` varchar(100) DEFAULT NULL COMMENT '分类名称',
  `level` int(11) DEFAULT '1' COMMENT '层级标识',
  `root_id` int(11) DEFAULT '1' COMMENT '根分类id',
  `root_name` varchar(100) DEFAULT NULL COMMENT '根分类名称',
  PRIMARY KEY (`id`)
) ENGINE=InnoDB AUTO_INCREMENT=1413 DEFAULT CHARSET=utf8;

/*Data for the table `goods_category` */

insert  into `goods_category`(`id`,`pid`,`name_cn`,`level`,`root_id`,`root_name`) values (1,0,'女装',1,1,'女装'),(2,0,'男装',1,1,'男装'),(3,0,'内衣',1,1,'内衣'),(4,0,'鞋靴',1,1,'鞋靴'),(5,0,'箱包',1,1,'箱包'),(6,0,'配件',1,1,'配件'),(7,0,'童装玩具',1,1,'童装玩具'),(8,0,'孕产用品',1,1,'孕产用品'),(9,0,'奶粉辅食',1,1,'奶粉辅食'),(10,0,'家电',1,1,'家电'),(11,0,'数码',1,1,'数码'),(12,0,'手机',1,1,'手机'),(13,0,'美妆',1,1,'美妆'),(14,0,'洗护',1,1,'洗护'),(15,0,'保健品',1,1,'保健品'),(16,0,'珠宝',1,1,'珠宝'),(17,0,'眼镜',1,1,'眼镜'),(18,0,'手表',1,1,'手表'),(19,0,'运动',1,1,'运动'),(20,0,'户外',1,1,'户外'),(21,0,'乐器',1,1,'乐器'),(22,0,'游戏',1,1,'游戏'),(23,0,'动漫',1,1,'动漫'),(24,0,'影视',1,1,'影视'),(25,0,'美食',1,1,'美食'),(26,0,'生鲜',1,1,'生鲜'),(27,0,'零食',1,1,'零食'),(28,0,'鲜花',1,1,'鲜花'),(29,0,'宠物',1,1,'宠物'),(30,0,'农资',1,1,'农资'),(31,0,'工具',1,1,'工具'),(32,0,'装修',1,1,'装修'),(33,0,'建材',1,1,'建材'),(34,0,'家具',1,1,'家具'),(35,0,'家饰',1,1,'家饰'),(36,0,'家纺',1,1,'家纺'),(37,0,'汽车',1,1,'汽车'),(38,0,'二手车',1,1,'二手车'),(39,0,'汽车用品',1,1,'汽车用品'),(40,0,'办公',1,1,'办公'),(41,0,'DIY',1,1,'DIY'),(42,0,'五金电子',1,1,'五金电子'),(43,0,'百货',1,1,'百货'),(44,0,'餐厨',1,1,'餐厨'),(45,0,'家庭保健',1,1,'家庭保健'),(46,0,'学习',1,1,'学习'),(47,0,'卡券',1,1,'卡券'),(48,0,'本地服务',1,1,'本地服务'),(49,1,'春上新',2,1,'女装'),(50,1,'连衣裙',2,1,'女装'),(51,1,'T恤',2,1,'女装'),(52,1,'衬衫',2,1,'女装'),(53,1,'裤子',2,1,'女装'),(54,1,'牛仔裤',2,1,'女装'),(55,1,'西装',2,1,'女装'),(56,1,'短外套',2,1,'女装'),(57,1,'时尚套装',2,1,'女装'),(58,1,'半身裙',2,1,'女装'),(59,1,'毛针织衫',2,1,'女装'),(60,1,'风衣',2,1,'女装'),(61,1,'休闲裤',2,1,'女装'),(62,1,'卫衣绒衫',2,1,'女装'),(63,1,'大码女装',2,1,'女装'),(64,1,'蕾丝衫/雪纺衫',2,1,'女装'),(65,1,'背心吊带',2,1,'女装'),(66,1,'毛衣',2,1,'女装'),(67,1,'毛呢外套',2,1,'女装'),(68,1,'羽绒服',2,1,'女装'),(69,1,'皮衣',2,1,'女装'),(70,1,'皮草',2,1,'女装'),(71,1,'棉衣棉服',2,1,'女装'),(72,1,'马夹',2,1,'女装'),(73,1,'牛仔外套',2,1,'女装'),(74,1,'阔腿裤',2,1,'女装'),(75,1,'中老年女装',2,1,'女装'),(76,1,'婚纱礼服',2,1,'女装'),(77,1,'民族服装',2,1,'女装'),(78,1,'打底裤',2,1,'女装'),(79,1,'西装裤',2,1,'女装'),(80,1,'唐装',2,1,'女装'),(81,1,'汉服',2,1,'女装'),(82,1,'旗袍',2,1,'女装'),(83,2,'外套',2,2,'男装'),(84,2,'羽绒服',2,2,'男装'),(85,2,'棉衣',2,2,'男装'),(86,2,'品质好物',2,2,'男装'),(87,2,'夹克',2,2,'男装'),(88,2,'卫衣',2,2,'男装'),(89,2,'皮衣',2,2,'男装'),(90,2,'衬衫',2,2,'男装'),(91,2,'针织衫/毛衣',2,2,'男装'),(92,2,'毛呢大衣',2,2,'男装'),(93,2,'T恤',2,2,'男装'),(94,2,'POLO衫',2,2,'男装'),(95,2,'休闲裤',2,2,'男装'),(96,2,'牛仔裤',2,2,'男装'),(97,2,'风衣',2,2,'男装'),(98,2,'西装',2,2,'男装'),(99,2,'牛仔外套',2,2,'男装'),(100,2,'棒球服',2,2,'男装'),(101,2,'运动裤',2,2,'男装'),(102,2,'九分裤',2,2,'男装'),(103,2,'套装',2,2,'男装'),(104,2,'开衫',2,2,'男装'),(105,2,'马甲',2,2,'男装'),(106,2,'中老年',2,2,'男装'),(107,2,'情侣装',2,2,'男装'),(108,2,'大码',2,2,'男装'),(109,2,'民族风',2,2,'男装'),(110,2,'专柜大牌',2,2,'男装'),(111,2,'明星网红',2,2,'男装'),(112,2,'原创设计',2,2,'男装'),(113,3,'法式内衣',2,3,'内衣'),(114,3,'无钢圈内衣',2,3,'内衣'),(115,3,'内裤女',2,3,'内衣'),(116,3,'文胸',2,3,'内衣'),(117,3,'内裤男',2,3,'内衣'),(118,3,'长袖睡衣',2,3,'内衣'),(119,3,'睡裙',2,3,'内衣'),(120,3,'真丝睡衣',2,3,'内衣'),(121,3,'丝袜',2,3,'内衣'),(122,3,'船袜',2,3,'内衣'),(123,3,'情侣睡衣',2,3,'内衣'),(124,3,'抹胸',2,3,'内衣'),(125,3,'背心',2,3,'内衣'),(126,3,'睡袍',2,3,'内衣'),(127,3,'男士睡衣',2,3,'内衣'),(128,3,'塑身衣',2,3,'内衣'),(129,3,'内衣套装',2,3,'内衣'),(130,3,'打底裤',2,3,'内衣'),(131,3,'连体睡衣',2,3,'内衣'),(132,3,'聚拢文胸',2,3,'内衣'),(133,3,'男士袜子',2,3,'内衣'),(134,3,'棉袜女',2,3,'内衣'),(135,3,'卡通睡衣',2,3,'内衣'),(136,3,'无痕内裤',2,3,'内衣'),(137,3,'少女文胸',2,3,'内衣'),(138,4,'流行女鞋',2,4,'鞋靴'),(139,4,'春上新',2,4,'鞋靴'),(140,4,'当季热销',2,4,'鞋靴'),(141,4,'潮流新品',2,4,'鞋靴'),(142,4,'单鞋',2,4,'鞋靴'),(143,4,'靴子',2,4,'鞋靴'),(144,4,'运动风',2,4,'鞋靴'),(145,4,'高跟鞋',2,4,'鞋靴'),(146,4,'红人同款',2,4,'鞋靴'),(147,4,'厚底鞋',2,4,'鞋靴'),(148,4,'内增高',2,4,'鞋靴'),(149,4,'玛丽珍鞋',2,4,'鞋靴'),(150,4,'蝴蝶结鞋',2,4,'鞋靴'),(151,4,'小白鞋',2,4,'鞋靴'),(152,4,'一脚蹬',2,4,'鞋靴'),(153,4,'圆头鞋',2,4,'鞋靴'),(154,4,'方根鞋',2,4,'鞋靴'),(155,4,'水晶鞋',2,4,'鞋靴'),(156,4,'尖头鞋',2,4,'鞋靴'),(157,4,'平底低跟',2,4,'鞋靴'),(158,4,'穆勒鞋',2,4,'鞋靴'),(159,4,'异型跟',2,4,'鞋靴'),(160,4,'新年红',2,4,'鞋靴'),(161,4,'男鞋',2,4,'鞋靴'),(162,4,'休闲鞋',2,4,'鞋靴'),(163,4,'板鞋',2,4,'鞋靴'),(164,4,'帆布鞋',2,4,'鞋靴'),(165,4,'运动风',2,4,'鞋靴'),(166,4,'豆豆鞋',2,4,'鞋靴'),(167,4,'乐福鞋',2,4,'鞋靴'),(168,4,'雕花布洛克',2,4,'鞋靴'),(169,4,'船鞋',2,4,'鞋靴'),(170,4,'增高鞋',2,4,'鞋靴'),(171,4,'正装商务',2,4,'鞋靴'),(172,4,'户外休闲',2,4,'鞋靴'),(173,4,'爸爸鞋',2,4,'鞋靴'),(174,4,'德比鞋',2,4,'鞋靴'),(175,4,'孟克鞋',2,4,'鞋靴'),(176,4,'布鞋',2,4,'鞋靴'),(177,5,'女包',2,5,'箱包'),(178,5,'骚包',2,5,'箱包'),(179,5,'双肩包',2,5,'箱包'),(180,5,'男包',2,5,'箱包'),(181,5,'旅行箱',2,5,'箱包'),(182,5,'钱包',2,5,'箱包'),(183,5,'真皮包',2,5,'箱包'),(184,5,'大牌',2,5,'箱包'),(185,5,'宽肩带',2,5,'箱包'),(186,5,'小方包',2,5,'箱包'),(187,5,'水桶包',2,5,'箱包'),(188,5,'迷你包',2,5,'箱包'),(189,5,'链条包',2,5,'箱包'),(190,5,'贝壳包',2,5,'箱包'),(191,5,'波士顿包',2,5,'箱包'),(192,5,'手拿包',2,5,'箱包'),(193,5,'单肩包',2,5,'箱包'),(194,5,'手提包',2,5,'箱包'),(195,5,'斜挎包',2,5,'箱包'),(196,5,'零钱包',2,5,'箱包'),(197,5,'妈妈包',2,5,'箱包'),(198,5,'欧美潮搭',2,5,'箱包'),(199,5,'日韩流行',2,5,'箱包'),(200,5,'青春学院',2,5,'箱包'),(201,5,'男士商务',2,5,'箱包'),(202,5,'雅痞休闲',2,5,'箱包'),(203,5,'拉杆箱',2,5,'箱包'),(204,5,'腰包',2,5,'箱包'),(205,5,'胸包',2,5,'箱包'),(206,5,'手工皮具',2,5,'箱包'),(207,5,'红人优品',2,5,'箱包'),(208,6,'帽子',2,6,'配件'),(209,6,'贝雷帽',2,6,'配件'),(210,6,'渔夫帽',2,6,'配件'),(211,6,'鸭舌帽',2,6,'配件'),(212,6,'礼帽',2,6,'配件'),(213,6,'草帽',2,6,'配件'),(214,6,'爵士帽',2,6,'配件'),(215,6,'盆帽',2,6,'配件'),(216,6,'八角帽',2,6,'配件'),(217,6,'丝巾',2,6,'配件'),(218,6,'披肩',2,6,'配件'),(219,6,'真丝围巾',2,6,'配件'),(220,6,'棉麻围巾',2,6,'配件'),(221,6,'方巾',2,6,'配件'),(222,6,'手套',2,6,'配件'),(223,6,'真皮手套',2,6,'配件'),(224,6,'触屏手套',2,6,'配件'),(225,6,'半指手套',2,6,'配件'),(226,6,'全指手套',2,6,'配件'),(227,6,'真皮腰带',2,6,'配件'),(228,6,'腰带',2,6,'配件'),(229,6,'手工皮带',2,6,'配件'),(230,7,'连衣裙',2,7,'童装玩具'),(231,7,'保暖连体',2,7,'童装玩具'),(232,7,'裤子',2,7,'童装玩具'),(233,7,'羽绒',2,7,'童装玩具'),(234,7,'居家睡衣',2,7,'童装玩具'),(235,7,'针织',2,7,'童装玩具'),(236,7,'帽子',2,7,'童装玩具'),(237,7,'亲子装',2,7,'童装玩具'),(238,7,'童鞋',2,7,'童装玩具'),(239,7,'学步鞋',2,7,'童装玩具'),(240,7,'女童运动鞋',2,7,'童装玩具'),(241,7,'男童运动鞋',2,7,'童装玩具'),(242,7,'毛毛虫童鞋',2,7,'童装玩具'),(243,7,'雪地靴',2,7,'童装玩具'),(244,7,'马丁靴',2,7,'童装玩具'),(245,7,'长靴',2,7,'童装玩具'),(246,7,'玩具',2,7,'童装玩具'),(247,7,'积木',2,7,'童装玩具'),(248,7,'毛绒玩具',2,7,'童装玩具'),(249,7,'早教',2,7,'童装玩具'),(250,7,'儿童自行车',2,7,'童装玩具'),(251,7,'电动童车',2,7,'童装玩具'),(252,7,'遥控模型',2,7,'童装玩具'),(253,7,'户外玩具',2,7,'童装玩具'),(254,7,'亲子玩具',2,7,'童装玩具'),(255,7,'学习用品',2,7,'童装玩具'),(256,7,'描红本',2,7,'童装玩具'),(257,8,'美妈大衣',2,8,'孕产用品'),(258,8,'孕妇裤',2,8,'孕产用品'),(259,8,'月子服',2,8,'孕产用品'),(260,8,'哺乳文胸',2,8,'孕产用品'),(261,8,'吸奶器',2,8,'孕产用品'),(262,8,'防辐射',2,8,'孕产用品'),(263,8,'孕妇内裤',2,8,'孕产用品'),(264,8,'连衣裙',2,8,'孕产用品'),(265,8,'待产包',2,8,'孕产用品'),(266,8,'孕妇牛仔裤',2,8,'孕产用品'),(267,8,'孕妇营养品',2,8,'孕产用品'),(268,8,'防溢乳垫',2,8,'孕产用品'),(269,8,'美德乐',2,8,'孕产用品'),(270,8,'十月妈咪',2,8,'孕产用品'),(271,8,'三洋',2,8,'孕产用品'),(272,8,'Bravado',2,8,'孕产用品'),(273,8,'新生儿',2,8,'孕产用品'),(274,8,'婴儿床',2,8,'孕产用品'),(275,8,'婴儿推车',2,8,'孕产用品'),(276,8,'睡袋',2,8,'孕产用品'),(277,8,'抱被',2,8,'孕产用品'),(278,8,'隔尿垫',2,8,'孕产用品'),(279,8,'学步车',2,8,'孕产用品'),(280,8,'安抚奶嘴',2,8,'孕产用品'),(281,8,'体温计',2,8,'孕产用品'),(282,8,'纸尿裤',2,8,'孕产用品'),(283,8,'花王',2,8,'孕产用品'),(284,8,'洗衣液',2,8,'孕产用品'),(285,8,'湿巾',2,8,'孕产用品'),(286,9,'爱他美',2,9,'奶粉辅食'),(287,9,'羊奶粉',2,9,'奶粉辅食'),(288,9,'特殊配方奶粉',2,9,'奶粉辅食'),(289,9,'喜宝',2,9,'奶粉辅食'),(290,9,'惠氏',2,9,'奶粉辅食'),(291,9,'启赋',2,9,'奶粉辅食'),(292,9,'牛栏',2,9,'奶粉辅食'),(293,9,'美素佳儿',2,9,'奶粉辅食'),(294,9,'贝因美',2,9,'奶粉辅食'),(295,9,'雅培',2,9,'奶粉辅食'),(296,9,'美赞臣',2,9,'奶粉辅食'),(297,9,'可瑞康',2,9,'奶粉辅食'),(298,9,'a2',2,9,'奶粉辅食'),(299,9,'嘉宝',2,9,'奶粉辅食'),(300,9,'美林',2,9,'奶粉辅食'),(301,9,'米粉',2,9,'奶粉辅食'),(302,9,'泡芙',2,9,'奶粉辅食'),(303,9,'溶溶豆',2,9,'奶粉辅食'),(304,9,'肉肠',2,9,'奶粉辅食'),(305,9,'果肉条',2,9,'奶粉辅食'),(306,9,'奶片',2,9,'奶粉辅食'),(307,9,'益生菌',2,9,'奶粉辅食'),(308,9,'维生素',2,9,'奶粉辅食'),(309,9,'钙铁锌',2,9,'奶粉辅食'),(310,9,'DHA',2,9,'奶粉辅食'),(311,9,'宝宝食用油',2,9,'奶粉辅食'),(312,9,'核桃油',2,9,'奶粉辅食'),(313,9,'葡萄糖',2,9,'奶粉辅食'),(314,9,'宝宝调料',2,9,'奶粉辅食'),(315,9,'奶瓶',2,9,'奶粉辅食'),(316,9,'餐具',2,9,'奶粉辅食'),(317,9,'餐椅',2,9,'奶粉辅食'),(318,9,'暖奶器',2,9,'奶粉辅食'),(319,9,'消毒锅',2,9,'奶粉辅食'),(320,9,'辅食机',2,9,'奶粉辅食'),(321,10,'淘宝速达',2,10,'家电'),(322,10,'实体商场服务',2,10,'家电'),(323,10,'淘火炬品牌',2,10,'家电'),(324,10,'生活电器',2,10,'家电'),(325,10,'厨房电器',2,10,'家电'),(326,10,'个人护理',2,10,'家电'),(327,10,'空气净化器',2,10,'家电'),(328,10,'扫地机器人',2,10,'家电'),(329,10,'吸尘器',2,10,'家电'),(330,10,'取暖器',2,10,'家电'),(331,10,'烤箱',2,10,'家电'),(332,10,'豆浆机',2,10,'家电'),(333,10,'榨汁料理',2,10,'家电'),(334,10,'电饭煲',2,10,'家电'),(335,10,'吹风机',2,10,'家电'),(336,10,'足浴盆',2,10,'家电'),(337,10,'剃须刀',2,10,'家电'),(338,10,'卷发器',2,10,'家电'),(339,10,'按摩器材',2,10,'家电'),(340,10,'冬季火锅',2,10,'家电'),(341,10,'蓝牙耳机',2,10,'家电'),(342,10,'电暖桌',2,10,'家电'),(343,10,'蓝牙音箱',2,10,'家电'),(344,10,'电热毯',2,10,'家电'),(345,10,'加湿器',2,10,'家电'),(346,10,'暖风机',2,10,'家电'),(347,11,'游戏主机',2,11,'数码'),(348,11,'数码精选',2,11,'数码'),(349,11,'手机壳套',2,11,'数码'),(350,11,'苹果手机壳',2,11,'数码'),(351,11,'surface平板电脑',2,11,'数码'),(352,11,'苹果/Apple iPad Pro',2,11,'数码'),(353,11,'电脑主机',2,11,'数码'),(354,11,'数码相机',2,11,'数码'),(355,11,'电玩动漫',2,11,'数码'),(356,11,'单反相机',2,11,'数码'),(357,11,'华为 MateBook',2,11,'数码'),(358,11,'IPAD mini4',2,11,'数码'),(359,11,'游戏主机',2,11,'数码'),(360,11,'鼠标键盘',2,11,'数码'),(361,11,'无人机',2,11,'数码'),(362,11,'二手数码',2,11,'数码'),(363,11,'二手手机',2,11,'数码'),(364,11,'二手笔记本',2,11,'数码'),(365,11,'二手平板电脑',2,11,'数码'),(366,12,'iPhone xs',2,12,'手机'),(367,12,'iPhone xs max',2,12,'手机'),(368,12,'iPhone xr',2,12,'手机'),(369,12,'华为Mate20P',2,12,'手机'),(370,12,'小米MIX3',2,12,'手机'),(371,12,'荣耀Magic2',2,12,'手机'),(372,12,'一加6T',2,12,'手机'),(373,12,'黑鲨2代',2,12,'手机'),(374,12,'努比亚X',2,12,'手机'),(375,12,'iPhone X',2,12,'手机'),(376,12,'iPhone 8',2,12,'手机'),(377,12,'OPPO',2,12,'手机'),(378,12,'vivo',2,12,'手机'),(379,12,'华为P20',2,12,'手机'),(380,12,'小米',2,12,'手机'),(381,12,'魅族',2,12,'手机'),(382,12,'二手手机',2,12,'手机'),(383,12,'手机以旧换新',2,12,'手机'),(384,13,'面膜',2,13,'美妆'),(385,13,'洁面',2,13,'美妆'),(386,13,'防晒',2,13,'美妆'),(387,13,'爽肤水',2,13,'美妆'),(388,13,'眼霜',2,13,'美妆'),(389,13,'乳液',2,13,'美妆'),(390,13,'面霜',2,13,'美妆'),(391,13,'精华',2,13,'美妆'),(392,13,'卸妆',2,13,'美妆'),(393,13,'男士护肤',2,13,'美妆'),(394,13,'眼线',2,13,'美妆'),(395,13,'粉底液',2,13,'美妆'),(396,13,'BB霜',2,13,'美妆'),(397,13,'隔离',2,13,'美妆'),(398,13,'睫毛膏',2,13,'美妆'),(399,13,'彩妆盘',2,13,'美妆'),(400,13,'唇膏',2,13,'美妆'),(401,13,'腮红',2,13,'美妆'),(402,13,'香水',2,13,'美妆'),(403,13,'精油',2,13,'美妆'),(404,13,'身体护理',2,13,'美妆'),(405,13,'丰胸',2,13,'美妆'),(406,13,'纤体',2,13,'美妆'),(407,13,'脱毛',2,13,'美妆'),(408,13,'海外直邮',2,13,'美妆'),(409,14,'洗发水',2,14,'洗护'),(410,14,'护发素',2,14,'洗护'),(411,14,'发膜',2,14,'洗护'),(412,14,'头发造型',2,14,'洗护'),(413,14,'染发膏',2,14,'洗护'),(414,14,'烫发水',2,14,'洗护'),(415,14,'假发',2,14,'洗护'),(416,14,'沐浴露',2,14,'洗护'),(417,14,'私处护理',2,14,'洗护'),(418,14,'身体乳液',2,14,'洗护'),(419,14,'牙膏',2,14,'洗护'),(420,14,'牙刷',2,14,'洗护'),(421,14,'漱口水',2,14,'洗护'),(422,14,'足浴',2,14,'洗护'),(423,14,'足贴',2,14,'洗护'),(424,14,'洗手液',2,14,'洗护'),(425,14,'卫生巾',2,14,'洗护'),(426,14,'成人纸尿裤',2,14,'洗护'),(427,14,'抽纸',2,14,'洗护'),(428,14,'卷纸',2,14,'洗护'),(429,14,'洗衣液',2,14,'洗护'),(430,14,'清洁剂',2,14,'洗护'),(431,14,'厨房清洁',2,14,'洗护'),(432,14,'家私/皮具护理',2,14,'洗护'),(433,14,'香薰',2,14,'洗护'),(434,15,'B族维生素',2,15,'保健品'),(435,15,'葡萄籽',2,15,'保健品'),(436,15,'辅酶Q10',2,15,'保健品'),(437,15,'消化酶',2,15,'保健品'),(438,15,'软骨素',2,15,'保健品'),(439,15,'维生素C',2,15,'保健品'),(440,15,'钙',2,15,'保健品'),(441,15,'大豆异黄酮',2,15,'保健品'),(442,15,'益生菌',2,15,'保健品'),(443,15,'鱼油',2,15,'保健品'),(444,15,'氨基葡萄糖',2,15,'保健品'),(445,15,'葡萄籽',2,15,'保健品'),(446,15,'生物素',2,15,'保健品'),(447,15,'玛咖（玛卡）',2,15,'保健品'),(448,15,'酵素',2,15,'保健品'),(449,15,'螺旋藻',2,15,'保健品'),(450,15,'胶原蛋白',2,15,'保健品'),(451,15,'月见草油',2,15,'保健品'),(452,15,'DHA',2,15,'保健品'),(453,15,'蔓越莓',2,15,'保健品'),(454,15,'左旋肉碱',2,15,'保健品'),(455,15,'褪黑素',2,15,'保健品'),(456,15,'锯棕榈',2,15,'保健品'),(457,16,'琥珀蜜蜡',2,16,'珠宝'),(458,16,'翡翠手镯',2,16,'珠宝'),(459,16,'钻戒',2,16,'珠宝'),(460,16,'铂金',2,16,'珠宝'),(461,16,'黄金首饰',2,16,'珠宝'),(462,16,'高端定制',2,16,'珠宝'),(463,16,'彩色宝石',2,16,'珠宝'),(464,16,'珍珠',2,16,'珠宝'),(465,16,'金镶玉',2,16,'珠宝'),(466,16,'钻石',2,16,'珠宝'),(467,16,'K金首饰',2,16,'珠宝'),(468,16,'岫岩玉雕',2,16,'珠宝'),(469,16,'和田籽料拍卖',2,16,'珠宝'),(470,16,'裸石',2,16,'珠宝'),(471,16,'翡翠玉石',2,16,'珠宝'),(472,16,'一元起拍',2,16,'珠宝'),(473,16,'设计师',2,16,'珠宝'),(474,16,'珠宝首饰',2,16,'珠宝'),(475,16,'金条',2,16,'珠宝'),(476,16,'情侣对戒',2,16,'珠宝'),(477,16,'琥珀原石',2,16,'珠宝'),(478,16,'老坑冰种拍卖',2,16,'珠宝'),(479,17,'眼镜架',2,17,'眼镜'),(480,17,'3D眼镜',2,17,'眼镜'),(481,17,'司机镜',2,17,'眼镜'),(482,17,'防辐射眼镜',2,17,'眼镜'),(483,17,'老花镜',2,17,'眼镜'),(484,17,'儿童镜',2,17,'眼镜'),(485,17,'色盲眼镜',2,17,'眼镜'),(486,17,'无框眼镜',2,17,'眼镜'),(487,17,'眼镜片',2,17,'眼镜'),(488,17,'依视路',2,17,'眼镜'),(489,17,'雷朋',2,17,'眼镜'),(490,17,'复古眼镜',2,17,'眼镜'),(491,17,'超轻眼镜',2,17,'眼镜'),(492,17,'护目镜',2,17,'眼镜'),(493,17,'眼镜配件',2,17,'眼镜'),(494,17,'滑雪镜',2,17,'眼镜'),(495,17,'超耐磨',2,17,'眼镜'),(496,17,'GM眼镜',2,17,'眼镜'),(497,17,'配镜服务',2,17,'眼镜'),(498,18,'运动表',2,18,'手表'),(499,18,'卡西欧',2,18,'手表'),(500,18,'国表',2,18,'手表'),(501,18,'时尚表',2,18,'手表'),(502,18,'女表',2,18,'手表'),(503,18,'儿童表',2,18,'手表'),(504,18,'学生表',2,18,'手表'),(505,18,'浪琴',2,18,'手表'),(506,18,'斯沃琪表',2,18,'手表'),(507,18,'镂空机械表',2,18,'手表'),(508,18,'皮带表',2,18,'手表'),(509,18,'钢带表',2,18,'手表'),(510,18,'欧米茄',2,18,'手表'),(511,18,'电子表',2,18,'手表'),(512,18,'陶瓷表',2,18,'手表'),(513,18,'瑞士表',2,18,'手表'),(514,18,'手表放心淘',2,18,'手表'),(515,18,'日韩腕表',2,18,'手表'),(516,18,'情侣表',2,18,'手表'),(517,18,'光能表',2,18,'手表'),(518,18,'怀表',2,18,'手表'),(519,18,'表带',2,18,'手表'),(520,18,'手表配件',2,18,'手表'),(521,18,'休闲',2,18,'手表'),(522,18,'精钢',2,18,'手表'),(523,18,'复古手表',2,18,'手表'),(524,18,'中性手表',2,18,'手表'),(525,18,'帆布表带',2,18,'手表'),(526,18,'深度防水',2,18,'手表'),(527,19,'Yeezy 350',2,19,'运动'),(528,19,'Alpha Bounce',2,19,'运动'),(529,19,'AJ30',2,19,'运动'),(530,19,'Stan Smith',2,19,'运动'),(531,19,'大Air皮蓬',2,19,'运动'),(532,19,'KD9',2,19,'运动'),(533,19,'Kayano23',2,19,'运动'),(534,19,'Sock Dart',2,19,'运动'),(535,19,'Hyperdunk',2,19,'运动'),(536,19,'耐克',2,19,'运动'),(537,19,'阿迪达斯',2,19,'运动'),(538,19,'New Balance',2,19,'运动'),(539,19,'亚瑟士',2,19,'运动'),(540,19,'Under Armour',2,19,'运动'),(541,19,'匡威',2,19,'运动'),(542,19,'彪马',2,19,'运动'),(543,19,'VANS',2,19,'运动'),(544,19,'锐步',2,19,'运动'),(545,19,'斯凯奇',2,19,'运动'),(546,19,'美津浓',2,19,'运动'),(547,19,'李宁',2,19,'运动'),(548,19,'跑鞋',2,19,'运动'),(549,19,'篮球鞋',2,19,'运动'),(550,19,'复古休闲',2,19,'运动'),(551,19,'健身',2,19,'运动'),(552,19,'足球',2,19,'运动'),(553,19,'羽毛球',2,19,'运动'),(554,20,'鱼线',2,20,'户外'),(555,20,'鱼线轮',2,20,'户外'),(556,20,'户外鞋',2,20,'户外'),(557,20,'登山包',2,20,'户外'),(558,20,'帐篷',2,20,'户外'),(559,20,'睡袋',2,20,'户外'),(560,20,'望远镜',2,20,'户外'),(561,20,'皮肤衣',2,20,'户外'),(562,20,'速干衣',2,20,'户外'),(563,20,'速干裤',2,20,'户外'),(564,20,'手电筒',2,20,'户外'),(565,20,'山地车',2,20,'户外'),(566,20,'公路车',2,20,'户外'),(567,20,'骑行服',2,20,'户外'),(568,20,'护具',2,20,'户外'),(569,20,'军迷用品',2,20,'户外'),(570,20,'舞蹈体操',2,20,'户外'),(571,20,'羽毛球',2,20,'户外'),(572,20,'游泳',2,20,'户外'),(573,20,'瑜伽',2,20,'户外'),(574,20,'跑步机',2,20,'户外'),(575,20,'健身器',2,20,'户外'),(576,20,'烧烤架',2,20,'户外'),(577,20,'休闲鞋',2,20,'户外'),(578,20,'冲锋裤',2,20,'户外'),(579,20,'单车零件',2,20,'户外'),(580,20,'骑行装备',2,20,'户外'),(581,20,'遮阳棚',2,20,'户外'),(582,20,'户外手表',2,20,'户外'),(583,20,'户外风衣',2,20,'户外'),(584,20,'军迷套装',2,20,'户外'),(585,20,'战术鞋',2,20,'户外'),(586,21,'全新钢琴',2,21,'乐器'),(587,21,'二手钢琴',2,21,'乐器'),(588,21,'电钢琴',2,21,'乐器'),(589,21,'电子琴',2,21,'乐器'),(590,21,'萨克斯',2,21,'乐器'),(591,21,'尤克里里',2,21,'乐器'),(592,21,'架子鼓',2,21,'乐器'),(593,21,'小提琴',2,21,'乐器'),(594,21,'口琴',2,21,'乐器'),(595,21,'手卷钢琴',2,21,'乐器'),(596,21,'古筝',2,21,'乐器'),(597,21,'古琴',2,21,'乐器'),(598,21,'二胡',2,21,'乐器'),(599,21,'葫芦丝',2,21,'乐器'),(600,21,'陶笛',2,21,'乐器'),(601,21,'琵琶',2,21,'乐器'),(602,21,'笛子',2,21,'乐器'),(603,21,'非洲鼓',2,21,'乐器'),(604,21,'贝斯',2,21,'乐器'),(605,21,'调音器',2,21,'乐器'),(606,21,'节拍器',2,21,'乐器'),(607,21,'电吉他',2,21,'乐器'),(608,21,'电箱吉他',2,21,'乐器'),(609,21,'乐器音箱',2,21,'乐器'),(610,21,'电子鼓',2,21,'乐器'),(611,21,'手风琴',2,21,'乐器'),(612,21,'大提琴',2,21,'乐器'),(613,21,'合成器',2,21,'乐器'),(614,21,'乐器租赁',2,21,'乐器'),(615,22,'DNF',2,22,'游戏'),(616,22,'梦幻西游',2,22,'游戏'),(617,22,'魔兽',2,22,'游戏'),(618,22,'LOL',2,22,'游戏'),(619,22,'坦克世界',2,22,'游戏'),(620,22,'剑网3',2,22,'游戏'),(621,22,'魔域',2,22,'游戏'),(622,22,'DOTA2',2,22,'游戏'),(623,22,'街头篮球',2,22,'游戏'),(624,22,'CF',2,22,'游戏'),(625,22,'天龙八部',2,22,'游戏'),(626,22,'大话西游2',2,22,'游戏'),(627,22,'三国争霸',2,22,'游戏'),(628,22,'YY',2,22,'游戏'),(629,22,'劲舞团',2,22,'游戏'),(630,22,'倩女幽魂',2,22,'游戏'),(631,22,'天下3',2,22,'游戏'),(632,22,'反恐精英',2,22,'游戏'),(633,22,'冒险岛',2,22,'游戏'),(634,22,'问道',2,22,'游戏'),(635,22,'逆战',2,22,'游戏'),(636,22,'大唐无双',2,22,'游戏'),(637,22,'征途2',2,22,'游戏'),(638,22,'九阴真经',2,22,'游戏'),(639,22,'龙之谷',2,22,'游戏'),(640,22,'热血江湖',2,22,'游戏'),(641,22,'剑灵',2,22,'游戏'),(642,23,'手办',2,23,'动漫'),(643,23,'盲盒',2,23,'动漫'),(644,23,'航海王',2,23,'动漫'),(645,23,'命运之夜',2,23,'动漫'),(646,23,'高达模型',2,23,'动漫'),(647,23,'火影忍者',2,23,'动漫'),(648,23,'LOLITA洋装',2,23,'动漫'),(649,23,'潮玩',2,23,'动漫'),(650,23,'变形金刚',2,23,'动漫'),(651,23,'钢铁侠',2,23,'动漫'),(652,23,'COSPLAY服装',2,23,'动漫'),(653,23,'魔道祖师',2,23,'动漫'),(654,23,'BJD娃娃',2,23,'动漫'),(655,23,'假面骑士',2,23,'动漫'),(656,23,'名侦探柯南',2,23,'动漫'),(657,23,'我的英雄学院',2,23,'动漫'),(658,23,'哈利波特',2,23,'动漫'),(659,23,'秦时明月',2,23,'动漫'),(660,23,'剑网三',2,23,'动漫'),(661,23,'游戏王',2,23,'动漫'),(662,23,'兵人',2,23,'动漫'),(663,23,'车模',2,23,'动漫'),(664,23,'精灵宝可梦',2,23,'动漫'),(665,23,'七龙珠',2,23,'动漫'),(666,23,'美国队长',2,23,'动漫'),(667,23,'夏目友人帐',2,23,'动漫'),(668,23,'布袋戏',2,23,'动漫'),(669,24,'你的名字',2,24,'影视'),(670,24,'刀剑神域',2,24,'影视'),(671,24,'动物世界',2,24,'影视'),(672,24,'大圣归来',2,24,'影视'),(673,24,'大鱼海棠',2,24,'影视'),(674,24,'毒液',2,24,'影视'),(675,24,'战狼',2,24,'影视'),(676,24,'星球大战',2,24,'影视'),(677,24,'海绵宝宝历险记',2,24,'影视'),(678,24,'深夜食堂',2,24,'影视'),(679,24,'碟中谍',2,24,'影视'),(680,24,'神奇动物',2,24,'影视'),(681,24,'老九门',2,24,'影视'),(682,24,'赛尔号',2,24,'影视'),(683,24,'黑豹',2,24,'影视'),(684,24,'玩具总动员',2,24,'影视'),(685,24,'正义联盟',2,24,'影视'),(686,24,'环太平洋',2,24,'影视'),(687,24,'金刚狼',2,24,'影视'),(688,24,'小猪佩奇',2,24,'影视'),(689,24,'流浪地球',2,24,'影视'),(690,25,'牛奶',2,25,'美食'),(691,25,'柚子茶',2,25,'美食'),(692,25,'酸梅汤',2,25,'美食'),(693,25,'矿泉水',2,25,'美食'),(694,25,'酵素',2,25,'美食'),(695,25,'藕粉',2,25,'美食'),(696,25,'大米',2,25,'美食'),(697,25,'小米',2,25,'美食'),(698,25,'黄豆',2,25,'美食'),(699,25,'火腿',2,25,'美食'),(700,25,'香肠',2,25,'美食'),(701,25,'木耳',2,25,'美食'),(702,25,'枸杞',2,25,'美食'),(703,25,'人参',2,25,'美食'),(704,25,'石斛',2,25,'美食'),(705,25,'雪蛤',2,25,'美食'),(706,25,'蜂蜜',2,25,'美食'),(707,25,'天麻花粉',2,25,'美食'),(708,25,'铁观音',2,25,'美食'),(709,25,'红茶',2,25,'美食'),(710,25,'花草茶',2,25,'美食'),(711,25,'龙井',2,25,'美食'),(712,25,'黑茶',2,25,'美食'),(713,25,'绿茶',2,25,'美食'),(714,25,'鸡尾酒',2,25,'美食'),(715,25,'精酿啤酒',2,25,'美食'),(716,25,'洋酒',2,25,'美食'),(717,25,'红酒',2,25,'美食'),(718,26,'荔枝',2,26,'生鲜'),(719,26,'水果',2,26,'生鲜'),(720,26,'百香果',2,26,'生鲜'),(721,26,'芒果',2,26,'生鲜'),(722,26,'小龙虾',2,26,'生鲜'),(723,26,'樱桃',2,26,'生鲜'),(724,26,'榴莲',2,26,'生鲜'),(725,26,'杨梅',2,26,'生鲜'),(726,26,'牛排',2,26,'生鲜'),(727,26,'柠檬',2,26,'生鲜'),(728,26,'海参',2,26,'生鲜'),(729,26,'水蜜桃',2,26,'生鲜'),(730,26,'咸鸭蛋',2,26,'生鲜'),(731,26,'李子',2,26,'生鲜'),(732,26,'桃子',2,26,'生鲜'),(733,26,'龙虾',2,26,'生鲜'),(734,26,'苹果',2,26,'生鲜'),(735,26,'黄桃',2,26,'生鲜'),(736,26,'火龙果',2,26,'生鲜'),(737,26,'波罗蜜',2,26,'生鲜'),(738,26,'山竹',2,26,'生鲜'),(739,26,'蓝莓',2,26,'生鲜'),(740,26,'鸡胸肉',2,26,'生鲜'),(741,26,'猕猴桃',2,26,'生鲜'),(742,26,'三文鱼',2,26,'生鲜'),(743,26,'红薯',2,26,'生鲜'),(744,26,'车厘子',2,26,'生鲜'),(745,26,'海鲜',2,26,'生鲜'),(746,27,'冰皮月饼',2,27,'零食'),(747,27,'零食大礼包',2,27,'零食'),(748,27,'牛肉干',2,27,'零食'),(749,27,'面包',2,27,'零食'),(750,27,'辣条',2,27,'零食'),(751,27,'红枣',2,27,'零食'),(752,27,'核桃',2,27,'零食'),(753,27,'饼干',2,27,'零食'),(754,27,'巧克力',2,27,'零食'),(755,27,'葡萄干',2,27,'零食'),(756,27,'芒果干',2,27,'零食'),(757,27,'绿豆糕',2,27,'零食'),(758,27,'薯片',2,27,'零食'),(759,27,'锅巴',2,27,'零食'),(760,27,'海苔',2,27,'零食'),(761,27,'月饼',2,27,'零食'),(762,27,'蛋黄酥',2,27,'零食'),(763,27,'猪肉脯',2,27,'零食'),(764,27,'花生',2,27,'零食'),(765,27,'长沙臭豆腐',2,27,'零食'),(766,27,'瓜子',2,27,'零食'),(767,27,'棒棒糖',2,27,'零食'),(768,27,'糖果',2,27,'零食'),(769,27,'手撕面包',2,27,'零食'),(770,27,'豆干',2,27,'零食'),(771,27,'罗汉果',2,27,'零食'),(772,27,'开心果',2,27,'零食'),(773,27,'山楂',2,27,'零食'),(774,27,'全麦面包',2,27,'零食'),(775,27,'早餐',2,27,'零食'),(776,27,'腰果',2,27,'零食'),(777,27,'压缩饼干',2,27,'零食'),(778,28,'鲜花速递',2,28,'鲜花'),(779,28,'多肉植物',2,28,'鲜花'),(780,28,'干花',2,28,'鲜花'),(781,28,'永生花',2,28,'鲜花'),(782,28,'食虫植物',2,28,'鲜花'),(783,28,'桌面盆栽',2,28,'鲜花'),(784,28,'鲜果蓝',2,28,'鲜花'),(785,28,'仿真植物',2,28,'鲜花'),(786,28,'仿真蔬果',2,28,'鲜花'),(787,28,'开业花篮',2,28,'鲜花'),(788,28,'花瓶',2,28,'鲜花'),(789,28,'绿植同城',2,28,'鲜花'),(790,28,'蔬菜种子',2,28,'鲜花'),(791,28,'水培花卉',2,28,'鲜花'),(792,28,'苔藓景观',2,28,'鲜花'),(793,28,'空气凤梨',2,28,'鲜花'),(794,28,'肥料',2,28,'鲜花'),(795,28,'花盆花器',2,28,'鲜花'),(796,28,'花卉药剂',2,28,'鲜花'),(797,28,'营养土',2,28,'鲜花'),(798,28,'园艺工具',2,28,'鲜花'),(799,28,'洒水壶',2,28,'鲜花'),(800,28,'花架',2,28,'鲜花'),(801,28,'铺面石',2,28,'鲜花'),(802,28,'花卉药剂',2,28,'鲜花'),(803,28,'月季',2,28,'鲜花'),(804,28,'铁线莲',2,28,'鲜花'),(805,28,'绣球',2,28,'鲜花'),(806,29,'进口狗粮',2,29,'宠物'),(807,29,'宠物服饰',2,29,'宠物'),(808,29,'狗厕所',2,29,'宠物'),(809,29,'宠物窝',2,29,'宠物'),(810,29,'航空箱',2,29,'宠物'),(811,29,'海藻粉',2,29,'宠物'),(812,29,'羊奶粉',2,29,'宠物'),(813,29,'宠物笼',2,29,'宠物'),(814,29,'狗零食',2,29,'宠物'),(815,29,'剃毛器',2,29,'宠物'),(816,29,'营养膏',2,29,'宠物'),(817,29,'上门服务',2,29,'宠物'),(818,29,'猫砂',2,29,'宠物'),(819,29,'猫粮',2,29,'宠物'),(820,29,'猫爬架',2,29,'宠物'),(821,29,'猫砂盆',2,29,'宠物'),(822,29,'化毛膏',2,29,'宠物'),(823,29,'猫罐头',2,29,'宠物'),(824,29,'喂食器',2,29,'宠物'),(825,29,'猫抓板',2,29,'宠物'),(826,29,'猫玩具',2,29,'宠物'),(827,29,'猫笼',2,29,'宠物'),(828,29,'水草',2,29,'宠物'),(829,29,'水草泥',2,29,'宠物'),(830,29,'仿真水草',2,29,'宠物'),(831,29,'氧气泵',2,29,'宠物'),(832,29,'过滤器',2,29,'宠物'),(833,29,'鱼缸',2,29,'宠物'),(834,29,'水草灯',2,29,'宠物'),(835,29,'鱼粮',2,29,'宠物'),(836,29,'水质维护',2,29,'宠物'),(837,29,'硝化细菌',2,29,'宠物'),(838,29,'除藻剂',2,29,'宠物'),(839,30,'农药',2,30,'农资'),(840,30,'除草剂',2,30,'农资'),(841,30,'杀虫剂',2,30,'农资'),(842,30,'杀菌剂',2,30,'农资'),(843,30,'肥料',2,30,'农资'),(844,30,'叶面肥',2,30,'农资'),(845,30,'有机肥',2,30,'农资'),(846,30,'新型肥料',2,30,'农资'),(847,30,'氮肥',2,30,'农资'),(848,30,'磷肥',2,30,'农资'),(849,30,'钾肥',2,30,'农资'),(850,30,'种子/种苗',2,30,'农资'),(851,30,'粮油种',2,30,'农资'),(852,30,'蔬菜种',2,30,'农资'),(853,30,'果树苗',2,30,'农资'),(854,30,'食用菌菌种',2,30,'农资'),(855,30,'动物种苗',2,30,'农资'),(856,30,'饲料',2,30,'农资'),(857,30,'预混料',2,30,'农资'),(858,30,'浓缩料',2,30,'农资'),(859,30,'饲料添加剂',2,30,'农资'),(860,30,'全价料',2,30,'农资'),(861,30,'农具',2,30,'农资'),(862,30,'农膜',2,30,'农资'),(863,30,'农机',2,30,'农资'),(864,30,'农配件',2,30,'农资'),(865,30,'畜牧药品/兽药',2,30,'农资'),(866,30,'化学药',2,30,'农资'),(867,30,'中兽药',2,30,'农资'),(868,30,'消毒剂',2,30,'农资'),(869,30,'驱虫药',2,30,'农资'),(870,30,'畜牧设备',2,30,'农资'),(871,31,'电钻',2,31,'工具'),(872,31,'气钉枪',2,31,'工具'),(873,31,'电锯',2,31,'工具'),(874,31,'抛光机',2,31,'工具'),(875,31,'磨砂机',2,31,'工具'),(876,31,'修边机',2,31,'工具'),(877,31,'焊接设备',2,31,'工具'),(878,31,'扳手',2,31,'工具'),(879,31,'钳子',2,31,'工具'),(880,31,'锉、刨',2,31,'工具'),(881,31,'打磨机',2,31,'工具'),(882,31,'角磨机',2,31,'工具'),(883,31,'工具组套',2,31,'工具'),(884,31,'电锯片',2,31,'工具'),(885,31,'电锤',2,31,'工具'),(886,31,'云石片',2,31,'工具'),(887,31,'电动螺丝批',2,31,'工具'),(888,31,'测电笔',2,31,'工具'),(889,31,'电子钳',2,31,'工具'),(890,31,'电烙铁',2,31,'工具'),(891,31,'电子焊接工具套装',2,31,'工具'),(892,31,'接线板/插头',2,31,'工具'),(893,31,'断路器',2,31,'工具'),(894,31,'开关',2,31,'工具'),(895,31,'布线箱',2,31,'工具'),(896,31,'转换器',2,31,'工具'),(897,31,'断路器',2,31,'工具'),(898,31,'插座',2,31,'工具'),(899,31,'底盒',2,31,'工具'),(900,31,'电线',2,31,'工具'),(901,31,'电工套管',2,31,'工具'),(902,31,'监控器材及系统',2,31,'工具'),(903,31,'防盗报警器材及系统',2,31,'工具'),(904,31,'楼宇智能系统',2,31,'工具'),(905,32,'全包',2,32,'装修'),(906,32,'半包',2,32,'装修'),(907,32,'免费设计',2,32,'装修'),(908,32,'全套设计',2,32,'装修'),(909,32,'优质装修公司',2,32,'装修'),(910,32,'样板',2,32,'装修'),(911,32,'小户型',2,32,'装修'),(912,32,'美式风',2,32,'装修'),(913,32,'宜家风',2,32,'装修'),(914,32,'集成吊顶',2,32,'装修'),(915,33,'全包',2,33,'装修'),(916,33,'半包',2,33,'装修'),(917,33,'免费设计',2,33,'装修'),(918,33,'全套设计',2,33,'装修'),(919,33,'优质装修公司',2,33,'装修'),(920,33,'样板',2,33,'装修'),(921,33,'小户型',2,33,'装修'),(922,33,'美式风',2,33,'装修'),(923,33,'宜家风',2,33,'装修'),(924,33,'集成吊顶',2,33,'装修'),(925,34,'沙发',2,34,'家具'),(926,34,'床',2,34,'家具'),(927,34,'高低床',2,34,'家具'),(928,34,'餐桌',2,34,'家具'),(929,34,'床垫',2,34,'家具'),(930,34,'茶几',2,34,'家具'),(931,34,'电视柜',2,34,'家具'),(932,34,'衣柜',2,34,'家具'),(933,34,'鞋柜',2,34,'家具'),(934,34,'椅凳',2,34,'家具'),(935,34,'书桌',2,34,'家具'),(936,34,'电脑桌',2,34,'家具'),(937,34,'坐具',2,34,'家具'),(938,34,'现代简约',2,34,'家具'),(939,34,'美式家具',2,34,'家具'),(940,34,'北欧家具',2,34,'家具'),(941,34,'中式家具',2,34,'家具'),(942,34,'儿童家具',2,34,'家具'),(943,34,'真皮沙发',2,34,'家具'),(944,34,'布艺沙发',2,34,'家具'),(945,34,'皮床',2,34,'家具'),(946,34,'实木床',2,34,'家具'),(947,34,'儿童床',2,34,'家具'),(948,34,'乳胶床垫',2,34,'家具'),(949,34,'儿童学习桌',2,34,'家具'),(950,34,'书架',2,34,'家具'),(951,34,'花架',2,34,'家具'),(952,34,'椅子',2,34,'家具'),(953,34,'电脑椅',2,34,'家具'),(954,34,'佛山家具',2,34,'家具'),(955,35,'窗帘',2,35,'家饰'),(956,35,'地毯',2,35,'家饰'),(957,35,'沙发垫',2,35,'家饰'),(958,35,'十字绣',2,35,'家饰'),(959,35,'桌布',2,35,'家饰'),(960,35,'地垫',2,35,'家饰'),(961,35,'抱枕',2,35,'家饰'),(962,35,'坐垫',2,35,'家饰'),(963,35,'飘窗垫',2,35,'家饰'),(964,35,'门帘',2,35,'家饰'),(965,35,'缝纫机',2,35,'家饰'),(966,35,'洗衣机罩',2,35,'家饰'),(967,35,'卷帘',2,35,'家饰'),(968,35,'珠帘',2,35,'家饰'),(969,35,'沙发巾',2,35,'家饰'),(970,35,'靠垫',2,35,'家饰'),(971,35,'空调罩',2,35,'家饰'),(972,35,'餐桌布',2,35,'家饰'),(973,35,'门垫',2,35,'家饰'),(974,35,'浴室防滑垫',2,35,'家饰'),(975,35,'茶几桌布',2,35,'家饰'),(976,35,'桌垫',2,35,'家饰'),(977,35,'装饰画',2,35,'家饰'),(978,35,'摆件',2,35,'家饰'),(979,35,'照片墙',2,35,'家饰'),(980,35,'相框',2,35,'家饰'),(981,35,'墙贴',2,35,'家饰'),(982,35,'花瓶',2,35,'家饰'),(983,35,'壁纸',2,35,'家饰'),(984,35,'挂钟',2,35,'家饰'),(985,35,'仿真花',2,35,'家饰'),(986,35,'油画',2,35,'家饰'),(987,35,'客厅装饰画',2,35,'家饰'),(988,35,'玻璃贴纸',2,35,'家饰'),(989,35,'香炉',2,35,'家饰'),(990,35,'玻璃花瓶',2,35,'家饰'),(991,35,'相框挂墙',2,35,'家饰'),(992,35,'数字油画',2,35,'家饰'),(993,35,'假花',2,35,'家饰'),(994,35,'画框',2,35,'家饰'),(995,35,'干花',2,35,'家饰'),(996,35,'挂画',2,35,'家饰'),(997,35,'钟',2,35,'家饰'),(998,35,'音乐盒',2,35,'家饰'),(999,35,'倒流香炉',2,35,'家饰'),(1000,36,'夏凉被',2,36,'家纺'),(1001,36,'草席',2,36,'家纺'),(1002,36,'床褥',2,36,'家纺'),(1003,36,'U型枕',2,36,'家纺'),(1004,36,'蚊帐',2,36,'家纺'),(1005,36,'凉席',2,36,'家纺'),(1006,36,'天丝套件',2,36,'家纺'),(1007,36,'贡缎套件',2,36,'家纺'),(1008,36,'提花套件',2,36,'家纺'),(1009,36,'婚庆套件',2,36,'家纺'),(1010,36,'儿童套件',2,36,'家纺'),(1011,36,'空调被',2,36,'家纺'),(1012,36,'儿童床品',2,36,'家纺'),(1013,36,'麻将凉席',2,36,'家纺'),(1014,36,'四件套',2,36,'家纺'),(1015,36,'毛巾被',2,36,'家纺'),(1016,36,'记忆枕',2,36,'家纺'),(1017,36,'老粗布',2,36,'家纺'),(1018,36,'床垫',2,36,'家纺'),(1019,36,'婚庆床品',2,36,'家纺'),(1020,36,'床笠',2,36,'家纺'),(1021,36,'蒙古包蚊帐',2,36,'家纺'),(1022,36,'空调毯',2,36,'家纺'),(1023,36,'枕头',2,36,'家纺'),(1024,36,'宫廷蚊帐',2,36,'家纺'),(1025,36,'牛皮席',2,36,'家纺'),(1026,36,'冰丝席',2,36,'家纺'),(1027,36,'竹席',2,36,'家纺'),(1028,36,'藤席',2,36,'家纺'),(1029,36,'床单',2,36,'家纺'),(1030,36,'四件套',2,36,'家纺'),(1031,36,'全棉套件',2,36,'家纺'),(1032,36,'磨毛四件套',2,36,'家纺'),(1033,36,'保暖套件',2,36,'家纺'),(1034,36,'婚庆',2,36,'家纺'),(1035,36,'婚庆套件',2,36,'家纺'),(1036,36,'儿童套件',2,36,'家纺'),(1037,36,'儿童床品',2,36,'家纺'),(1038,36,'贡缎套件',2,36,'家纺'),(1039,36,'提花套件',2,36,'家纺'),(1040,36,'被子',2,36,'家纺'),(1041,36,'蚕丝被',2,36,'家纺'),(1042,36,'羽绒被',2,36,'家纺'),(1043,36,'厚被',2,36,'家纺'),(1044,36,'冬被',2,36,'家纺'),(1045,36,'七孔被',2,36,'家纺'),(1046,36,'保暖被',2,36,'家纺'),(1047,36,'枕头',2,36,'家纺'),(1048,36,'乳胶枕',2,36,'家纺'),(1049,36,'羽绒枕',2,36,'家纺'),(1050,36,'记忆枕',2,36,'家纺'),(1051,36,'床褥',2,36,'家纺'),(1052,36,'床单被罩',2,36,'家纺'),(1053,36,'毛毯',2,36,'家纺'),(1054,36,'毯子',2,36,'家纺'),(1055,36,'绒毯',2,36,'家纺'),(1056,37,'买车送油卡',2,37,'汽车'),(1057,37,'v60一口价39.99万',2,37,'汽车'),(1058,37,'首付一成开新车',2,37,'汽车'),(1059,37,'超级试驾',2,37,'汽车'),(1060,37,'新能源车',2,37,'汽车'),(1061,37,'轿车',2,37,'汽车'),(1062,37,'SUV',2,37,'汽车'),(1063,37,'小型车',2,37,'汽车'),(1064,37,'玛莎拉蒂',2,37,'汽车'),(1065,37,'沃尔沃',2,37,'汽车'),(1066,37,'荣威',2,37,'汽车'),(1067,37,'别克',2,37,'汽车'),(1068,37,'雪佛兰',2,37,'汽车'),(1069,37,'日产',2,37,'汽车'),(1070,37,'本田',2,37,'汽车'),(1071,37,'起亚',2,37,'汽车'),(1072,37,'标致',2,37,'汽车'),(1073,37,'奇瑞',2,37,'汽车'),(1074,37,'海马',2,37,'汽车'),(1075,37,'宝马新1系',2,37,'汽车'),(1076,37,'smart',2,37,'汽车'),(1077,37,'Mini',2,37,'汽车'),(1078,37,'荣威',2,37,'汽车'),(1079,37,'本田',2,37,'汽车'),(1080,37,'天猫养车',2,37,'汽车'),(1081,37,'4S保养',2,37,'汽车'),(1082,37,'上门保养',2,37,'汽车'),(1083,37,'镀晶服务',2,37,'汽车'),(1084,37,'打蜡服务',2,37,'汽车'),(1085,37,'空调清洗',2,37,'汽车'),(1086,38,'司法车拍卖',2,38,'二手车'),(1087,38,'公车拍卖',2,38,'二手车'),(1088,38,'二手车卖场',2,38,'二手车'),(1089,38,'二手车拍卖',2,38,'二手车'),(1090,38,'汽车估价',2,38,'二手车'),(1091,38,'车秒拍',2,38,'二手车'),(1092,38,'大众',2,38,'二手车'),(1093,38,'宝马',2,38,'二手车'),(1094,38,'奥迪',2,38,'二手车'),(1095,38,'丰田',2,38,'二手车'),(1096,38,'奔驰',2,38,'二手车'),(1097,38,'本田',2,38,'二手车'),(1098,38,'别克',2,38,'二手车'),(1099,38,'福特',2,38,'二手车'),(1100,38,'马自达',2,38,'二手车'),(1101,38,'雪佛兰',2,38,'二手车'),(1102,38,'3万以下',2,38,'二手车'),(1103,38,'3-5万',2,38,'二手车'),(1104,38,'5-10万',2,38,'二手车'),(1105,38,'10-20万',2,38,'二手车'),(1106,38,'20-30万',2,38,'二手车'),(1107,38,'30-40万',2,38,'二手车'),(1108,38,'40万以上',2,38,'二手车'),(1109,38,'SUV',2,38,'二手车'),(1110,38,'MPV',2,38,'二手车'),(1111,38,'跑车',2,38,'二手车'),(1112,38,'越野车',2,38,'二手车'),(1113,38,'玛莎拉蒂特价车',2,38,'二手车'),(1114,39,'车载空气净化器',2,39,'汽车用品'),(1115,39,'脚垫',2,39,'汽车用品'),(1116,39,'夏季坐垫',2,39,'汽车用品'),(1117,39,'后备箱垫',2,39,'汽车用品'),(1118,39,'座套',2,39,'汽车用品'),(1119,39,'安全座椅',2,39,'汽车用品'),(1120,39,'香水',2,39,'汽车用品'),(1121,39,'记录仪',2,39,'汽车用品'),(1122,39,'手机支架',2,39,'汽车用品'),(1123,39,'车载导航',2,39,'汽车用品'),(1124,39,'安全预警仪',2,39,'汽车用品'),(1125,39,'后视镜导航',2,39,'汽车用品'),(1126,39,'机油',2,39,'汽车用品'),(1127,39,'燃油宝',2,39,'汽车用品'),(1128,39,'轮胎',2,39,'汽车用品'),(1129,39,'贴膜',2,39,'汽车用品'),(1130,39,'车载吸尘器',2,39,'汽车用品'),(1131,39,'镀晶',2,39,'汽车用品'),(1132,39,'车蜡',2,39,'汽车用品'),(1133,39,'洗车机',2,39,'汽车用品'),(1134,39,'轮胎报警器',2,39,'汽车用品'),(1135,39,'车充',2,39,'汽车用品'),(1136,39,'氙气灯',2,39,'汽车用品'),(1137,39,'雨刮',2,39,'汽车用品'),(1138,39,'空调滤芯',2,39,'汽车用品'),(1139,39,'大灯总成',2,39,'汽车用品'),(1140,39,'车挂',2,39,'汽车用品'),(1141,39,'安全锤',2,39,'汽车用品'),(1142,39,'应急工具',2,39,'汽车用品'),(1161,40,'打印机',2,40,'办公'),(1162,40,'一体机',2,40,'办公'),(1163,40,'复合机',2,40,'办公'),(1164,40,'3D打印机',2,40,'办公'),(1165,40,'投影机',2,40,'办公'),(1166,40,'收银机',2,40,'办公'),(1167,40,'收银纸',2,40,'办公'),(1168,40,'电子面单机',2,40,'办公'),(1169,40,'考勤门禁',2,40,'办公'),(1170,40,'保险箱',2,40,'办公'),(1171,40,'会议白板',2,40,'办公'),(1172,40,'安防摄像',2,40,'办公'),(1173,40,'无线网卡',2,40,'办公'),(1174,40,'WiFi放大器',2,40,'办公'),(1175,40,'无线呼叫器',2,40,'办公'),(1176,40,'格子间',2,40,'办公'),(1177,40,'电脑桌',2,40,'办公'),(1178,40,'办公椅',2,40,'办公'),(1179,40,'理线器',2,40,'办公'),(1180,40,'计算器',2,40,'办公'),(1181,40,'荧光告示贴',2,40,'办公'),(1182,40,'翻译笔',2,40,'办公'),(1183,40,'毛笔',2,40,'办公'),(1184,40,'马克笔',2,40,'办公'),(1185,40,'文件收纳',2,40,'办公'),(1186,40,'本册',2,40,'办公'),(1187,40,'书写工具',2,40,'办公'),(1188,40,'文具',2,40,'办公'),(1189,40,'画具画材',2,40,'办公'),(1190,40,'钢笔',2,40,'办公'),(1191,40,'中性笔',2,40,'办公'),(1192,40,'财会用品',2,40,'办公'),(1193,40,'碎纸机',2,40,'办公'),(1194,40,'包装设备',2,40,'办公'),(1195,41,'定制T恤',2,41,'DIY'),(1196,41,'文化衫',2,41,'DIY'),(1197,41,'工作服',2,41,'DIY'),(1198,41,'卫衣定制',2,41,'DIY'),(1199,41,'LOGO设计',2,41,'DIY'),(1200,41,'VI设计',2,41,'DIY'),(1201,41,'海报定制',2,41,'DIY'),(1202,41,'3D效果图制作',2,41,'DIY'),(1203,41,'广告扇',2,41,'DIY'),(1204,41,'水晶奖杯',2,41,'DIY'),(1205,41,'胸牌工牌',2,41,'DIY'),(1206,41,'奖杯',2,41,'DIY'),(1207,41,'徽章',2,41,'DIY'),(1208,41,'洗照片',2,41,'DIY'),(1209,41,'照片冲印',2,41,'DIY'),(1210,41,'相册/照片书',2,41,'DIY'),(1211,41,'软陶人偶',2,41,'DIY'),(1212,41,'手绘漫画',2,41,'DIY'),(1213,41,'纸箱',2,41,'DIY'),(1214,41,'搬家纸箱',2,41,'DIY'),(1215,41,'胶带',2,41,'DIY'),(1216,41,'标签贴纸',2,41,'DIY'),(1217,41,'二维码贴纸',2,41,'DIY'),(1218,41,'塑料袋',2,41,'DIY'),(1219,41,'自封袋',2,41,'DIY'),(1220,41,'快递袋',2,41,'DIY'),(1221,41,'气泡膜',2,41,'DIY'),(1222,41,'编织袋',2,41,'DIY'),(1223,41,'飞机盒',2,41,'DIY'),(1224,41,'泡沫箱',2,41,'DIY'),(1225,41,'气柱袋',2,41,'DIY'),(1226,41,'纸手提袋',2,41,'DIY'),(1227,41,'打包绳带',2,41,'DIY'),(1228,41,'气泡信封',2,41,'DIY'),(1229,41,'缠绕膜',2,41,'DIY'),(1230,42,'物联网市场',2,42,'五金电子'),(1231,42,'万用表',2,42,'五金电子'),(1232,42,'电动螺丝刀',2,42,'五金电子'),(1233,42,'管钳子',2,42,'五金电子'),(1234,42,'电钻',2,42,'五金电子'),(1235,42,'无尘锯',2,42,'五金电子'),(1236,42,'电焊机',2,42,'五金电子'),(1237,42,'角磨机',2,42,'五金电子'),(1238,42,'切割机',2,42,'五金电子'),(1239,42,'发电机',2,42,'五金电子'),(1240,42,'快排阀',2,42,'五金电子'),(1241,42,'增压泵',2,42,'五金电子'),(1242,42,'钢珠',2,42,'五金电子'),(1243,42,'测距仪',2,42,'五金电子'),(1244,42,'水平仪',2,42,'五金电子'),(1245,42,'传感器',2,42,'五金电子'),(1246,42,'电容器',2,42,'五金电子'),(1247,42,'变压器',2,42,'五金电子'),(1248,42,'单片机开发板',2,42,'五金电子'),(1249,42,'智能小车',2,42,'五金电子'),(1250,42,'机器人套件',2,42,'五金电子'),(1251,42,'3D打印耗材',2,42,'五金电子'),(1252,42,'GPS',2,42,'五金电子'),(1253,42,'蓝牙',2,42,'五金电子'),(1254,42,'LED灯珠',2,42,'五金电子'),(1255,42,'树莓派',2,42,'五金电子'),(1256,43,'保温杯',2,43,'百货'),(1257,43,'饭盒',2,43,'百货'),(1258,43,'玻璃杯',2,43,'百货'),(1259,43,'马克杯',2,43,'百货'),(1260,43,'餐具套装',2,43,'百货'),(1261,43,'碗',2,43,'百货'),(1262,43,'盘',2,43,'百货'),(1263,43,'碟',2,43,'百货'),(1264,43,'茶具套装',2,43,'百货'),(1265,43,'茶杯',2,43,'百货'),(1266,43,'茶壶',2,43,'百货'),(1267,43,'茶具',2,43,'百货'),(1268,43,'陶瓷餐具',2,43,'百货'),(1269,43,'拖鞋',2,43,'百货'),(1270,43,'雨伞雨具',2,43,'百货'),(1271,43,'口罩',2,43,'百货'),(1272,43,'垃圾桶',2,43,'百货'),(1273,43,'居家鞋',2,43,'百货'),(1274,43,'省力拖把',2,43,'百货'),(1275,43,'家务清洁',2,43,'百货'),(1276,43,'垃圾袋',2,43,'百货'),(1277,43,'梳子',2,43,'百货'),(1278,43,'抹布',2,43,'百货'),(1279,43,'围裙',2,43,'百货'),(1280,43,'拖把',2,43,'百货'),(1281,43,'浴帘',2,43,'百货'),(1282,43,'浴室置物架',2,43,'百货'),(1283,43,'拖把桶旋转',2,43,'百货'),(1284,43,'镜子',2,43,'百货'),(1285,43,'铸铁锅',2,43,'百货'),(1286,43,'炒锅',2,43,'百货'),(1287,43,'饮具',2,43,'百货'),(1288,43,'心机小物',2,43,'百货'),(1289,43,'厨房置物架',2,43,'百货'),(1290,43,'密封罐',2,43,'百货'),(1291,43,'潮州陶瓷',2,43,'百货'),(1292,43,'景德镇陶瓷',2,43,'百货'),(1293,43,'厨用小工具',2,43,'百货'),(1294,43,'刀具砧板',2,43,'百货'),(1295,43,'烧烤烘培',2,43,'百货'),(1296,44,'收纳整理',2,44,'餐厨'),(1297,44,'收纳箱',2,44,'餐厨'),(1298,44,'儿童收纳柜',2,44,'餐厨'),(1299,44,'压缩袋',2,44,'餐厨'),(1300,44,'衣柜整理',2,44,'餐厨'),(1301,44,'鞋柜',2,44,'餐厨'),(1302,44,'布艺软收纳',2,44,'餐厨'),(1303,44,'浴室收纳',2,44,'餐厨'),(1304,44,'置物架',2,44,'餐厨'),(1305,44,'强力不粘钩',2,44,'餐厨'),(1306,44,'厨房收纳',2,44,'餐厨'),(1307,44,'桌面收纳',2,44,'餐厨'),(1308,44,'壁挂收纳',2,44,'餐厨'),(1309,44,'旅行收纳',2,44,'餐厨'),(1310,44,'化妆包',2,44,'餐厨'),(1311,44,'购物车',2,44,'餐厨'),(1312,44,'环保袋',2,44,'餐厨'),(1313,44,'野餐蓝',2,44,'餐厨'),(1314,44,'药箱药盒',2,44,'餐厨'),(1315,44,'衣物洗晒',2,44,'餐厨'),(1316,44,'粘毛剪球',2,44,'餐厨'),(1317,44,'脏衣篮',2,44,'餐厨'),(1318,44,'木制衣架',2,44,'餐厨'),(1319,44,'大型晾晒架',2,44,'餐厨'),(1320,44,'裤架',2,44,'餐厨'),(1321,44,'儿童衣架',2,44,'餐厨'),(1322,44,'柳编',2,44,'餐厨'),(1323,44,'ZAKKA风',2,44,'餐厨'),(1324,44,'原生态',2,44,'餐厨'),(1325,44,'棉麻风',2,44,'餐厨'),(1326,44,'纸质收纳',2,44,'餐厨'),(1327,45,'创可贴',2,45,'家庭保健'),(1328,45,'消毒用品',2,45,'家庭保健'),(1329,45,'体温计',2,45,'家庭保健'),(1330,45,'冷敷降温',2,45,'家庭保健'),(1331,45,'急救箱',2,45,'家庭保健'),(1332,45,'医用口罩',2,45,'家庭保健'),(1333,45,'绷带纱布',2,45,'家庭保健'),(1334,45,'血压监测',2,45,'家庭保健'),(1335,45,'血糖监测',2,45,'家庭保健'),(1336,45,'心率监测',2,45,'家庭保健'),(1337,45,'呼吸制氧',2,45,'家庭保健'),(1338,45,'拐杖',2,45,'家庭保健'),(1339,45,'轮椅',2,45,'家庭保健'),(1340,45,'助行器',2,45,'家庭保健'),(1341,45,'矫正牵引',2,45,'家庭保健'),(1342,45,'医用床上护理',2,45,'家庭保健'),(1343,45,'拔罐',2,45,'家庭保健'),(1344,46,'英语四级',2,46,'学习'),(1345,46,'2018考研',2,46,'学习'),(1346,46,'成人学历',2,46,'学习'),(1347,46,'小学教学',2,46,'学习'),(1348,46,'雅思托福',2,46,'学习'),(1349,46,'学历提升',2,46,'学习'),(1350,46,'会计提升',2,46,'学习'),(1351,46,'ps美工技能',2,46,'学习'),(1352,46,'考研辅导',2,46,'学习'),(1353,46,'外教口语课',2,46,'学习'),(1354,46,'建造师',2,46,'学习'),(1355,46,'口语一对一',2,46,'学习'),(1356,46,'驾照报名',2,46,'学习'),(1357,46,'汽车维修',2,46,'学习'),(1358,46,'化妆课程',2,46,'学习'),(1359,46,'电商培训',2,46,'学习'),(1360,46,'少儿英语',2,46,'学习'),(1361,46,'公务员考试',2,46,'学习'),(1362,46,'中小学辅导',2,46,'学习'),(1363,46,'宝宝早教',2,46,'学习'),(1364,46,'健身减肥',2,46,'学习'),(1365,46,'DIY手工',2,46,'学习'),(1366,46,'微信小程序',2,46,'学习'),(1367,46,'JAVA',2,46,'学习'),(1368,46,'CAD教程',2,46,'学习'),(1369,46,'驾校学车',2,46,'学习'),(1370,47,'劳动节福利',2,47,'卡券'),(1371,47,'超市卡',2,47,'卡券'),(1372,47,'沃尔玛',2,47,'卡券'),(1373,47,'家乐福',2,47,'卡券'),(1374,47,'银泰卡',2,47,'卡券'),(1375,47,'面包券',2,47,'卡券'),(1376,47,'来伊份券',2,47,'卡券'),(1377,47,'粽子券',2,47,'卡券'),(1378,47,'熟食/半成品',2,47,'卡券'),(1379,47,'星巴克',2,47,'卡券'),(1380,47,'咖啡',2,47,'卡券'),(1381,47,'哈根达斯',2,47,'卡券'),(1382,47,'冰淇淋',2,47,'卡券'),(1383,47,'网站建设',2,47,'卡券'),(1384,47,'云服务器',2,47,'卡券'),(1385,47,'财务管理',2,47,'卡券'),(1386,47,'网页设计',2,47,'卡券'),(1387,47,'软件',2,47,'卡券'),(1388,48,'婚纱摄影',2,48,'本地服务'),(1389,48,'青岛婚拍',2,48,'本地服务'),(1390,48,'丽江婚拍',2,48,'本地服务'),(1391,48,'三亚婚拍',2,48,'本地服务'),(1392,48,'厦门婚拍',2,48,'本地服务'),(1393,48,'新娘跟妆',2,48,'本地服务'),(1394,48,'婚礼司仪',2,48,'本地服务'),(1395,48,'婚车租赁',2,48,'本地服务'),(1396,48,'婚礼策划',2,48,'本地服务'),(1397,48,'婚宴预订',2,48,'本地服务'),(1398,48,'婚纱礼服',2,48,'本地服务'),(1399,48,'礼服租赁',2,48,'本地服务'),(1400,48,'家电清洗',2,48,'本地服务'),(1401,48,'家庭保洁',2,48,'本地服务'),(1402,48,'搬家搬运',2,48,'本地服务'),(1403,48,'在线洗衣',2,48,'本地服务'),(1404,48,'上门养车',2,48,'本地服务'),(1405,48,'跑腿代办',2,48,'本地服务'),(1406,48,'名企招聘',2,48,'本地服务'),(1407,48,'上门美甲',2,48,'本地服务'),(1408,48,'入职体检',2,48,'本地服务'),(1409,48,'法律咨询',2,48,'本地服务'),(1410,48,'上门按摩',2,48,'本地服务'),(1411,48,'专业翻译',2,48,'本地服务'),(1412,10,'电视',2,10,'家电');

/*Table structure for table `goods_comment` */

DROP TABLE IF EXISTS `goods_comment`;

CREATE TABLE `goods_comment` (
  `id` bigint(20) unsigned NOT NULL AUTO_INCREMENT,
  `goods_id` bigint(20) DEFAULT NULL COMMENT '商品id',
  `user_name` varchar(50) DEFAULT NULL COMMENT '评论的用户名',
  `user_rating` int(5) DEFAULT NULL COMMENT '用户会员等级',
  `content` text COMMENT '评论内容',
  `comment_time` datetime DEFAULT NULL COMMENT '评论时间',
  `look_count` int(11) DEFAULT '0' COMMENT '浏览次数',
  PRIMARY KEY (`id`)
) ENGINE=InnoDB AUTO_INCREMENT=8 DEFAULT CHARSET=utf8;

/*Data for the table `goods_comment` */

insert  into `goods_comment`(`id`,`goods_id`,`user_name`,`user_rating`,`content`,`comment_time`,`look_count`) values (1,4,'傻**8',4,'买回来连wifi试机了反应慢的要死！跟客户反应说我的网络有问题！这么多天还一直都是这个样子！我的电信宽带在我们这网速是最快的，他们有时间都会来蹭网！这也说明我家网络一直都有问题吗？大家还是别买这个牌子的了！很后悔买他！之前买的海信的都比这个好很多！很不爽的一次网购！','2019-03-12 10:44:32',56),(2,4,'w**1',8,'这款电视机性价比好，图象清晰，真是价廉物美，收到货物后自已安装，碰到难处咨询客服，在客服耐心细致的指导下顺利的完成了调试，在此再次向客服表示感谢！','2019-03-11 10:45:07',77),(3,4,'王**贝',8,'电视特别好，非常感谢店主的耐心指导，晚上九点还在指导我，愿上海电视，成功！以后还会买！我的手机像素不太好，电视像素特别好！加油上海电视！向客服致敬！五星好评！','2019-03-07 10:45:44',165),(4,4,'m**7',2,'这款电视机性价比不错！屏幕分辨率高比较清晰！上海这个牌子也好，勾起了小时侯的回忆！','2019-01-10 10:46:19',221),(5,4,'上**司',7,'我临时租的房子，这款电视机便宜，适合我，目前还满意，搬家也方便。','2019-03-09 10:46:59',243),(6,4,'海**云',4,'电视收到了，开箱验货，一切正常，顺丰发货很快，第一次在网上购电视，当时还有点担心，货到后，打开一看，确实真不错，有些调试的问题，客服一一给解答，服务也是一流的，表示感谢','2019-02-15 10:47:32',217),(7,4,'t**0',6,'第一次在网上购买电视，真的很不错，客服态度又好，店家发货速度也挺快，包装的也很好收到，完好无损，没想到收到之后真的很清楚，质量太好了，用了一段时间也没有什么毛病，有需要还会再来买的','2019-03-06 10:48:21',141);

/*Table structure for table `goods_detail_img` */

DROP TABLE IF EXISTS `goods_detail_img`;

CREATE TABLE `goods_detail_img` (
  `id` bigint(20) unsigned NOT NULL AUTO_INCREMENT,
  `goods_id` bigint(20) DEFAULT NULL COMMENT '商品Id',
  `img_url` varchar(255) DEFAULT NULL COMMENT '图片地址',
  `order_num` int(11) DEFAULT NULL COMMENT '排序字段',
  PRIMARY KEY (`id`)
) ENGINE=InnoDB AUTO_INCREMENT=199 DEFAULT CHARSET=utf8;

/*Data for the table `goods_detail_img` */

insert  into `goods_detail_img`(`id`,`goods_id`,`img_url`,`order_num`) values (1,4,'https://img.alicdn.com/imgextra/i1/82805426/O1CN010yylg31px9YeYs6Kr_!!82805426.jpg_640x0q85s150_.webp',1),(2,4,'https://img.alicdn.com/imgextra/i3/82805426/O1CN01TL3wW01px9XO81lUA_!!82805426.jpg_640x0q85s150_.webp',2),(3,4,'https://img.alicdn.com/imgextra/i3/82805426/O1CN011px9Woz4iKFiLYf_!!82805426.jpg_640x0q85s150_.webp',3),(4,4,'https://img.alicdn.com/imgextra/i2/82805426/O1CN012hdyzn1px9XRPzNtc_!!82805426.jpg_640x0q85s150_.webp',4),(5,4,'https://img.alicdn.com/imgextra/i1/82805426/O1CN0103sEey1px9YD2ew1j_!!82805426.jpg_640x0q85s150_.webp',5),(6,4,'https://img.alicdn.com/imgextra/i4/82805426/O1CN016qrTZm1px9XVXAG7C_!!82805426.jpg_640x0q85s150_.webp',6),(7,4,'https://img.alicdn.com/imgextra/i4/82805426/O1CN01t5T3Zy1px9XBLVqDC_!!82805426.jpg_640x0q85s150_.webp',7),(8,4,'https://img.alicdn.com/imgextra/i3/82805426/O1CN01iUzgPV1px9XF4NoOm_!!82805426.jpg_640x0q85s150_.webp',8),(9,4,'https://img.alicdn.com/imgextra/i1/82805426/O1CN01IN0Aoj1px9Y7hEulf_!!82805426.jpg_640x0q85s150_.webp',9),(10,4,'https://img.alicdn.com/imgextra/i2/82805426/O1CN01LKezil1px9XEJ3chZ_!!82805426.jpg_640x0q85s150_.webp',10),(11,4,'https://img.alicdn.com/imgextra/i4/82805426/O1CN01cqJccO1px9XUNRBqM_!!82805426.jpg_640x0q85s150_.webp',11),(12,4,'https://img.alicdn.com/imgextra/i2/82805426/O1CN014eTVx61px9XmobZSE_!!82805426.jpg_640x0q85s150_.webp',12),(13,4,'https://img.alicdn.com/imgextra/i2/82805426/O1CN011px9WnyvCmo4SYd_!!82805426.jpg_640x0q85s150_.webp',13),(14,4,'https://img.alicdn.com/imgextra/i2/82805426/O1CN01RCnGNL1px9WmAXQca_!!82805426.jpg_640x0q85s150_.webp',14),(15,4,'https://img.alicdn.com/imgextra/i4/82805426/O1CN01w7MYq11px9WmpbiMC_!!82805426.jpg_640x0q85s150_.webp',15),(16,4,'https://img.alicdn.com/imgextra/i4/82805426/O1CN01I3ss0L1px9WmMPH7C_!!82805426.jpg_640x0q85s150_.webp',16),(17,4,'https://img.alicdn.com/imgextra/i2/82805426/O1CN017MvDTU1px9Wn8p9px_!!82805426.jpg_640x0q85s150_.webp',17),(18,4,'https://img.alicdn.com/imgextra/i4/82805426/O1CN011px9Wl43IRKo2vM_!!82805426.jpg_640x0q85s150_.webp',18),(19,4,'https://img.alicdn.com/imgextra/i3/82805426/O1CN01qo5vc41px9XS4KLUW_!!82805426.jpg_640x0q85s150_.webp',19),(20,4,'https://img.alicdn.com/imgextra/i4/82805426/O1CN01iJe9fX1px9Wl43A90_!!82805426.jpg_640x0q85s150_.webp',20),(21,4,'https://img.alicdn.com/imgextra/i4/82805426/O1CN011px9WflyVhQnqg8_!!82805426.jpg_640x0q85s150_.webp',21),(22,4,'https://img.alicdn.com/imgextra/i3/82805426/O1CN011px9WmYG1Y0GjiP_!!82805426.jpg_640x0q85s150_.webp',22),(23,4,'https://img.alicdn.com/imgextra/i1/82805426/O1CN01e1ASmr1px9WmAYVDG_!!82805426.jpg_640x0q85s150_.webp',23),(24,4,'https://img.alicdn.com/imgextra/i2/82805426/O1CN01oNLhfe1px9WmQDO95_!!82805426.jpg_640x0q85s150_.webp',24),(25,4,'https://img.alicdn.com/imgextra/i2/82805426/O1CN0155ehGZ1px9WkcUrBm_!!82805426.jpg_640x0q85s150_.webp',25),(26,4,'https://img.alicdn.com/imgextra/i4/82805426/O1CN011px9WflwIWxEa0a_!!82805426.jpg_640x0q85s150_.webp',26),(27,4,'https://img.alicdn.com/imgextra/i3/82805426/O1CN01Nzr4uf1px9WmAXlWi_!!82805426.jpg_640x0q85s150_.webp',27),(28,4,'https://img.alicdn.com/imgextra/i1/82805426/O1CN01JHAW0T1px9Wmpe3yu_!!82805426.jpg_640x0q85s150_.webp',28),(29,4,'https://img.alicdn.com/imgextra/i2/82805426/O1CN011px9WmQDafqIWsH_!!82805426.jpg_640x0q85s150_.webp',29),(30,4,'https://img.alicdn.com/imgextra/i4/82805426/O1CN014xGvcw1px9WnZXhR8_!!82805426.jpg_640x0q85s150_.webp',30),(31,4,'https://img.alicdn.com/imgextra/i4/82805426/O1CN01zHOLqI1px9Wl43pna_!!82805426.jpg_640x0q85s150_.webp',31),(32,4,'https://img.alicdn.com/imgextra/i4/82805426/O1CN011px9WflzBOVG3Lb_!!82805426.jpg_640x0q85s150_.webp',32),(33,4,'https://gw.alicdn.com/tfs/TB1d0h2qVYqK1RjSZLeXXbXppXa-1125-960.png?getAvatar=avatar_640x0q85s150_.webp',37),(34,4,'https://img.alicdn.com/imgextra/i2/82805426/O1CN01v0wIt21px9WltkVSc_!!82805426.jpg_640x0q85s150_.webp',36),(35,4,'https://img.alicdn.com/imgextra/i2/82805426/O1CN01Dvia4Y1px9WkZOr5f_!!82805426.jpg_640x0q85s150_.webp',35),(36,4,'https://img.alicdn.com/imgextra/i2/82805426/O1CN01bqksD51px9Wm7VWC2_!!82805426.jpg_640x0q85s150_.webp',34),(37,4,'https://img.alicdn.com/imgextra/i4/82805426/O1CN01f0QFxH1px9XVSlcNQ_!!82805426.jpg_640x0q85s150_.webp',33),(38,5,'//img.alicdn.com/imgextra/i2/3486615114/O1CN014sgJin1neFxWH6k3p_!!3486615114.jpg_640x0q85s150_.webp',1),(39,5,'//img.alicdn.com/imgextra/i3/3486615114/O1CN01rRok4F1neFxW23iTI_!!3486615114.jpg_640x0q85s150_.webp',2),(40,5,'//img.alicdn.com/imgextra/i4/3486615114/O1CN01zasNPc1neFxWdKxD0_!!3486615114.jpg_640x0q85s150_.webp',3),(41,5,'//img.alicdn.com/imgextra/i1/3486615114/TB2.kWChlDH8KJjSspnXXbNAVXa_!!3486615114.jpg_640x0q85s150_.webp',4),(42,5,'//img.alicdn.com/imgextra/i2/3486615114/O1CN01RR6vZk1neFxWHOKcg_!!3486615114.jpg_640x0q85s150_.webp',5),(43,5,'//img.alicdn.com/imgextra/i3/3486615114/TB20fMxdLfM8KJjSZPfXXbklXXa_!!3486615114.jpg_640x0q85s150_.webp',6),(44,5,'//img.alicdn.com/imgextra/i1/3486615114/TB2CrxLdVLM8KJjSZFBXXXJHVXa_!!3486615114.jpg_640x0q85s150_.webp',7),(45,5,'//img.alicdn.com/imgextra/i1/3486615114/TB2GRjDdvQs8KJjSZFEXXc9RpXa_!!3486615114.jpg_640x0q85s150_.webp',8),(46,5,'//img.alicdn.com/imgextra/i3/3486615114/O1CN01Cw2qua1neFxTPqGvU_!!3486615114.jpg_640x0q85s150_.webp',9),(47,5,'//img.alicdn.com/imgextra/i4/3486615114/O1CN01b23ahl1neFxWH5nde_!!3486615114.jpg_640x0q85s150_.webp',10),(48,5,'//img.alicdn.com/imgextra/i3/3486615114/O1CN01lDaP711neFxVdjOUy_!!3486615114.jpg_640x0q85s150_.webp',11),(49,5,'//img.alicdn.com/imgextra/i4/3486615114/O1CN01KVtDfr1neFxVZdYOZ_!!3486615114.jpg_640x0q85s150_.webp',12),(50,5,'//img.alicdn.com/imgextra/i3/3486615114/TB2OBUEkMvD8KJjy0FlXXagBFXa_!!3486615114.jpg_640x0q85s150_.webp',13),(51,5,'//img.alicdn.com/imgextra/i1/3486615114/TB2JggKc6gy_uJjSZR0XXaK5pXa_!!3486615114.jpg_640x0q85s150_.webp',14),(52,5,'//img.alicdn.com/imgextra/i4/3486615114/O1CN011RGWUa1neFxWdUt6b_!!3486615114.jpg_640x0q85s150_.webp',15),(53,5,'//img.alicdn.com/imgextra/i1/3486615114/TB2QeAXkTnI8KJjSszbXXb4KFXa_!!3486615114.jpg_640x0q85s150_.webp',16),(54,5,'//img.alicdn.com/imgextra/i4/3486615114/TB2jPdLd8bM8KJjSZFFXXaynpXa_!!3486615114.jpg_640x0q85s150_.webp',17),(55,5,'//img.alicdn.com/imgextra/i3/3486615114/TB2wSoPkNPI8KJjSspoXXX6MFXa_!!3486615114.jpg_640x0q85s150_.webp',18),(56,5,'//img.alicdn.com/imgextra/i3/3486615114/O1CN016wM7hg1neFxUEQfMG_!!3486615114.jpg_640x0q85s150_.webp',19),(57,5,'//img.alicdn.com/imgextra/i4/3486615114/O1CN01cxqVBJ1neFxVACIVX_!!3486615114.jpg_640x0q85s150_.webp',20),(58,5,'//img.alicdn.com/imgextra/i1/3486615114/O1CN01n42cQ11neFxTP8AQl_!!3486615114.jpg_640x0q85s150_.webp',21),(59,5,'//img.alicdn.com/imgextra/i2/3486615114/O1CN0199Ol7L1neFxWZSwmR_!!3486615114.jpg_640x0q85s150_.webp',22),(60,5,'//img.alicdn.com/imgextra/i4/3486615114/TB2N9D2kTTI8KJjSsphXXcFppXa_!!3486615114.jpg_640x0q85s150_.webp',23),(61,5,'//img.alicdn.com/imgextra/i3/3486615114/O1CN018vEGDT1neFxURQ4n5_!!3486615114.jpg_640x0q85s150_.webp',24),(62,5,'//img.alicdn.com/imgextra/i3/3486615114/O1CN01ESYOYl1neFxW39Nra_!!3486615114.jpg_640x0q85s150_.webp',25),(63,5,'//img.alicdn.com/imgextra/i1/3486615114/TB2Pweyb3LD8KJjSszeXXaGRpXa_!!3486615114.jpg_640x0q85s150_.webp',26),(64,5,'//gw.alicdn.com/tfs/TB1d0h2qVYqK1RjSZLeXXbXppXa-1125-960.png?getAvatar=avatar_640x0q85s150_.webp',27),(65,6,'//img.alicdn.com/imgextra/i3/3998358685/O1CN016PBGnn2E1mKRI1dgU_!!3998358685.jpg_640x0q85s150_.webp',1),(66,6,'//img.alicdn.com/imgextra/i2/3998358685/O1CN01PJ5jUq2E1mKQrGcgF_!!3998358685.jpg_640x0q85s150_.webp',2),(67,6,'//img.alicdn.com/imgextra/i1/3998358685/O1CN01TnW5mu2E1mKRG7yGA_!!3998358685.jpg_640x0q85s150_.webp',3),(68,6,'//img.alicdn.com/imgextra/i4/3998358685/O1CN01WBcBsw2E1mKRulTCv_!!3998358685.jpg_640x0q85s150_.webp',4),(69,6,'//img.alicdn.com/imgextra/i4/3998358685/O1CN01MefF1l2E1mKS3mYll_!!3998358685.png_640x0q85s150_.webp',5),(70,6,'//img.alicdn.com/imgextra/i2/3998358685/O1CN01pTg8Bo2E1mKTV8Ztj_!!3998358685.png_640x0q85s150_.webp',6),(71,6,'//img.alicdn.com/imgextra/i1/3998358685/O1CN01yTN5I52E1mKRG86gs_!!3998358685.jpg_640x0q85s150_.webp',7),(72,6,'//img.alicdn.com/imgextra/i2/3998358685/O1CN01dNnF9r2E1mKTDc0F5_!!3998358685.jpg_640x0q85s150_.webp',8),(73,6,'//img.alicdn.com/imgextra/i4/3998358685/O1CN013KsW702E1mKOnGFGb_!!3998358685.jpg_640x0q85s150_.webp',9),(74,6,'//img.alicdn.com/imgextra/i1/3998358685/O1CN01nAvq4v2E1mKPtspL7_!!3998358685.jpg_640x0q85s150_.webp',10),(75,6,'//img.alicdn.com/imgextra/i4/3998358685/O1CN01xrveqP2E1mKKPBBqA_!!3998358685.jpg_640x0q85s150_.webp',11),(76,6,'//img.alicdn.com/imgextra/i4/3998358685/O1CN014GUuzn2E1mKKPD09g_!!3998358685.jpg_640x0q85s150_.webp',12),(77,6,'//img.alicdn.com/imgextra/i2/3998358685/O1CN01oCe5hn2E1mKQrK34z_!!3998358685.jpg_640x0q85s150_.webp',13),(78,6,'//img.alicdn.com/imgextra/i3/3998358685/O1CN0154lADc2E1mKQdXUVe_!!3998358685.jpg_640x0q85s150_.webp',14),(79,6,'//img.alicdn.com/imgextra/i3/3998358685/O1CN017YVqB62E1mKRuqRFw_!!3998358685.jpg_640x0q85s150_.webp',15),(80,6,'//img.alicdn.com/imgextra/i1/3998358685/O1CN01SZsxSU2E1mKPttpv2_!!3998358685.jpg_640x0q85s150_.webp',16),(81,6,'//img.alicdn.com/imgextra/i2/3998358685/O1CN01vEN8HV2E1mKKPF5GF_!!3998358685.jpg_640x0q85s150_.webp',17),(82,6,'//img.alicdn.com/imgextra/i3/3998358685/O1CN01iKawGl2E1mKQdeL4k_!!3998358685.jpg_640x0q85s150_.webp',18),(83,6,'//gw.alicdn.com/tfs/TB1d0h2qVYqK1RjSZLeXXbXppXa-1125-960.png?getAvatar=avatar_640x0q85s150_.webp',19),(84,30,'//img.alicdn.com/imgextra/i2/921722821/TB2hn2XaL5TBuNjSspmXXaDRVXa_!!921722821.jpg_640x0q85s150_.webp',1),(85,30,'//img.alicdn.com/imgextra/i2/921722821/TB2cnG2aQ9WBuNjSspeXXaz5VXa_!!921722821.jpg_640x0q85s150_.webp',2),(86,30,'//img.alicdn.com/imgextra/i3/921722821/TB2MfmYaHSYBuNjSspiXXXNzpXa_!!921722821.jpg_640x0q85s150_.webp',3),(87,30,'//img.alicdn.com/imgextra/i3/921722821/TB2GTmZaMmTBuNjy1XbXXaMrVXa_!!921722821.jpg_640x0q85s150_.webp',4),(88,30,'//img.alicdn.com/imgextra/i4/921722821/TB2HfAjbb9YBuNjy0FgXXcxcXXa_!!921722821.jpg_640x0q85s150_.webp',5),(89,30,'//img.alicdn.com/imgextra/i3/921722821/TB2A_m3aFuWBuNjSszbXXcS7FXa_!!921722821.jpg_640x0q85s150_.webp',6),(90,30,'//img.alicdn.com/imgextra/i2/921722821/TB2RfcJaSBYBeNjy0FeXXbnmFXa_!!921722821.jpg_640x0q85s150_.webp',7),(91,30,'//img.alicdn.com/imgextra/i4/921722821/TB2X41YaQKWBuNjy1zjXXcOypXa_!!921722821.jpg_640x0q85s150_.webp',8),(92,30,'//img.alicdn.com/imgextra/i4/921722821/TB21Ke3aHuWBuNjSszgXXb8jVXa_!!921722821.jpg_640x0q85s150_.webp',9),(93,30,'//img.alicdn.com/imgextra/i2/921722821/TB2CQ56aKSSBuNjy0FlXXbBpVXa_!!921722821.jpg_640x0q85s150_.webp',10),(94,30,'//img.alicdn.com/imgextra/i3/921722821/TB2qA8BXFooBKNjSZPhXXc2CXXa_!!921722821.jpg_640x0q85s150_.webp',11),(95,30,'//img.alicdn.com/imgextra/i2/921722821/TB2cwS0aHGYBuNjy0FoXXciBFXa_!!921722821.jpg_640x0q85s150_.webp',12),(96,30,'//img.alicdn.com/imgextra/i4/921722821/TB20TS2aSCWBuNjy0FhXXb6EVXa_!!921722821.jpg_640x0q85s150_.webp',13),(97,30,'//img.alicdn.com/imgextra/i4/921722821/TB2wFDbaH9YBuNjy0FgXXcxcXXa_!!921722821.jpg_640x0q85s150_.webp',14),(98,30,'//img.alicdn.com/imgextra/i4/921722821/TB2g_W2aSCWBuNjy0FhXXb6EVXa_!!921722821.jpg_640x0q85s150_.webp',15),(99,30,'//img.alicdn.com/imgextra/i4/921722821/TB2T__XaL5TBuNjSspmXXaDRVXa_!!921722821.jpg_640x0q85s150_.webp',16),(100,30,'//gw.alicdn.com/tfs/TB1d0h2qVYqK1RjSZLeXXbXppXa-1125-960.png?getAvatar=avatar_640x0q85s150_.webp',17),(101,34,'//img.alicdn.com/imgextra/i4/700195909/O1CN01A9QTaa1tWMqhyAL4g_!!700195909.jpg_640x0q85s150_.webp',1),(102,34,'//img.alicdn.com/imgextra/i4/700195909/O1CN01i2R3yk1tWMqbEEOHS_!!700195909.jpg_640x0q85s150_.webp',2),(103,34,'//img.alicdn.com/imgextra/i2/700195909/O1CN01ljMr0n1tWMqi44pTj_!!700195909.jpg_640x0q85s150_.webp',3),(104,34,'//img.alicdn.com/imgextra/i2/700195909/O1CN01dA3jZU1tWMqjnzWpM_!!700195909.jpg_640x0q85s150_.webp',4),(105,34,'//img.alicdn.com/imgextra/i4/700195909/O1CN014LLC8t1tWMqii57U7_!!700195909.jpg_640x0q85s150_.webp',5),(106,34,'//img.alicdn.com/imgextra/i2/700195909/O1CN012GyDQm1tWMqgJxRE2_!!700195909.jpg_640x0q85s150_.webp',6),(107,34,'//img.alicdn.com/imgextra/i2/700195909/O1CN01Hp0wLX1tWMqjJdwwx_!!700195909.jpg_640x0q85s150_.webp',7),(108,34,'//img.alicdn.com/imgextra/i2/700195909/O1CN01r0h9oA1tWMqi6SdvR_!!700195909.jpg_640x0q85s150_.webp',8),(109,34,'//img.alicdn.com/imgextra/i4/700195909/O1CN01wC9OX71tWMqi6QxyM_!!700195909.jpg_640x0q85s150_.webp',9),(110,34,'//img.alicdn.com/imgextra/i3/700195909/O1CN012mwhTr1tWMqjJdPiT_!!700195909.jpg_640x0q85s150_.webp',10),(111,34,'//img.alicdn.com/imgextra/i3/700195909/O1CN01Y8owfY1tWMqi44Yrz_!!700195909.jpg_640x0q85s150_.webp',11),(112,34,'//gw.alicdn.com/tfs/TB1d0h2qVYqK1RjSZLeXXbXppXa-1125-960.png?getAvatar=avatar_640x0q85s150_.webp',12),(113,78,'//img.alicdn.com/imgextra/i4/692558542/TB2K3f3bseJ.eBjy0FiXXXqapXa_!!692558542.jpg_640x0q85s150_.webp',1),(114,78,'//img.alicdn.com/imgextra/i4/692558542/O1CN01LuAmYZ2CyHh47USZi_!!692558542.jpg_640x0q85s150_.webp',2),(115,78,'//img.alicdn.com/imgextra/i4/692558542/O1CN01WPE2Vp2CyHh6X8jPA_!!692558542.jpg_640x0q85s150_.webp',3),(116,78,'//img.alicdn.com/imgextra/i3/692558542/O1CN01ghRVob2CyHh5YDCae_!!692558542.jpg_640x0q85s150_.webp',4),(117,78,'//img.alicdn.com/imgextra/i1/692558542/O1CN01bXrDeo2CyHh6k0I8j_!!692558542.jpg_640x0q85s150_.webp',5),(118,78,'//img.alicdn.com/imgextra/i2/692558542/O1CN01SRMtLk2CyHh4KnkNu_!!692558542.jpg_640x0q85s150_.webp',6),(119,78,'//img.alicdn.com/imgextra/i4/692558542/O1CN01A4fqLW2CyHh2xfQGw_!!692558542.jpg_640x0q85s150_.webp',7),(120,78,'//img.alicdn.com/imgextra/i3/692558542/O1CN01qokvgS2CyHh6k1IR9_!!692558542.jpg_640x0q85s150_.webp',8),(121,78,'//img.alicdn.com/imgextra/i4/692558542/O1CN01O7ul3v2CyHh2xd8ts_!!692558542.jpg_640x0q85s150_.webp',9),(122,78,'//img.alicdn.com/imgextra/i3/692558542/O1CN01EUwSgN2CyHh73zOWE_!!692558542.jpg_640x0q85s150_.webp',10),(123,78,'//img.alicdn.com/imgextra/i3/692558542/O1CN017gO4Cn2CyHh4jfkRj_!!692558542.jpg_640x0q85s150_.webp',11),(124,78,'//img.alicdn.com/imgextra/i2/692558542/O1CN01BDTnxQ2CyHh5PlUKZ_!!692558542.jpg_640x0q85s150_.webp',12),(125,78,'//img.alicdn.com/imgextra/i1/692558542/O1CN01VVJsPu2CyHh2xeU2d_!!692558542.jpg_640x0q85s150_.webp',13),(126,78,'//img.alicdn.com/imgextra/i2/692558542/O1CN01tefZUi2CyHh5PjH91_!!692558542.jpg_640x0q85s150_.webp',14),(127,78,'//img.alicdn.com/imgextra/i1/692558542/O1CN01jomct02CyHh5YCnfM_!!692558542.jpg_640x0q85s150_.webp',15),(128,78,'//img.alicdn.com/imgextra/i1/692558542/O1CN01aJoeIy2CyHh4jfXxM_!!692558542.jpg_640x0q85s150_.webp',16),(129,78,'//img.alicdn.com/imgextra/i2/692558542/O1CN0152ytHg2CyHh4jgLrH_!!692558542.jpg_640x0q85s150_.webp',17),(130,78,'//img.alicdn.com/imgextra/i2/692558542/O1CN01WCCrNT2CyHh5SLna8_!!692558542.jpg_640x0q85s150_.webp',18),(131,78,'//img.alicdn.com/imgextra/i4/692558542/O1CN01g4xHDG2CyHh2FBCac_!!692558542.jpg_640x0q85s150_.webp',19),(132,78,'//img.alicdn.com/imgextra/i3/692558542/O1CN012rzq242CyHgxqgMeL_!!692558542.jpg_640x0q85s150_.webp',20),(133,78,'//img.alicdn.com/imgextra/i4/692558542/O1CN01XsKwAz2CyHh2xgILl_!!692558542.jpg_640x0q85s150_.webp',21),(134,78,'//img.alicdn.com/imgextra/i4/692558542/O1CN01dZSlDp2CyHh4d25de_!!692558542.jpg_640x0q85s150_.webp',22),(135,78,'//img.alicdn.com/imgextra/i4/692558542/O1CN01PWSgaf2CyHh4jhYf2_!!692558542.jpg_640x0q85s150_.webp',23),(136,78,'//img.alicdn.com/imgextra/i4/692558542/O1CN01Yc77T52CyHh2FA84L_!!692558542.jpg_640x0q85s150_.webp',24),(137,78,'//img.alicdn.com/imgextra/i1/692558542/TB2ovYwa4XkpuFjy0FiXXbUfFXa_!!692558542.jpg_640x0q85s150_.webp',25),(138,78,'//gw.alicdn.com/tfs/TB1d0h2qVYqK1RjSZLeXXbXppXa-1125-960.png?getAvatar=avatar_640x0q85s150_.webp',26),(139,84,'//img.alicdn.com/imgextra/i2/1889175486/O1CN01TlNp171qOdJV457nH_!!1889175486.jpg_640x0q85s150_.webp',1),(140,84,'//img.alicdn.com/imgextra/i4/1889175486/O1CN01uy9ZfQ1qOdJWNPwJw_!!1889175486.jpg_640x0q85s150_.webp',2),(141,84,'//img.alicdn.com/imgextra/i2/1889175486/O1CN01NHxVET1qOdJVfd5cg_!!1889175486.jpg_640x0q85s150_.webp',3),(142,84,'//img.alicdn.com/imgextra/i1/1889175486/O1CN01d2XfVJ1qOdJTud7L5_!!1889175486.jpg_640x0q85s150_.webp',4),(143,84,'//img.alicdn.com/imgextra/i1/1889175486/O1CN01vbHlCF1qOdJXPqzRv_!!1889175486.jpg_640x0q85s150_.webp',5),(144,84,'//img.alicdn.com/imgextra/i4/1889175486/O1CN01C4PFQF1qOdJWTYztr_!!1889175486.jpg_640x0q85s150_.webp',6),(145,84,'//img.alicdn.com/imgextra/i2/1889175486/O1CN01cFSNJ51qOdJXPt0D7_!!1889175486.jpg_640x0q85s150_.webp',7),(146,84,'//img.alicdn.com/imgextra/i3/1889175486/O1CN01fY6kLm1qOdJVfcxLo_!!1889175486.jpg_640x0q85s150_.webp',8),(147,84,'//img.alicdn.com/imgextra/i2/1889175486/O1CN01iknSHP1qOdJXccVdJ_!!1889175486.jpg_640x0q85s150_.webp',9),(148,84,'//img.alicdn.com/imgextra/i3/1889175486/O1CN012TKWAR1qOdJXudxpA_!!1889175486.jpg_640x0q85s150_.webp',10),(149,84,'//img.alicdn.com/imgextra/i3/1889175486/O1CN01YHp4oi1qOdJXPravP_!!1889175486.jpg_640x0q85s150_.webp',11),(150,84,'//img.alicdn.com/imgextra/i2/1889175486/O1CN01yhe0Em1qOdJXPs8D0_!!1889175486.jpg_640x0q85s150_.webp',12),(151,84,'//img.alicdn.com/imgextra/i2/1889175486/O1CN01btBos01qOdJXPsX9Z_!!1889175486.jpg_640x0q85s150_.webp',13),(152,84,'//img.alicdn.com/imgextra/i3/1889175486/O1CN01bZrsLd1qOdJXPto8n_!!1889175486.jpg_640x0q85s150_.webp',14),(153,84,'//img.alicdn.com/imgextra/i4/1889175486/O1CN01dGtCvl1qOdJWJfjMr_!!1889175486.jpg_640x0q85s150_.webp',15),(154,84,'//img.alicdn.com/imgextra/i4/1889175486/O1CN01t2gV8Z1qOdJVhXA6j_!!1889175486.jpg_640x0q85s150_.webp',16),(155,84,'//img.alicdn.com/imgextra/i2/1889175486/O1CN01JVfv101qOdJVfehUJ_!!1889175486.jpg_640x0q85s150_.webp',17),(156,84,'//img.alicdn.com/imgextra/i3/1889175486/O1CN01UpraA21qOdJWvA3n0_!!1889175486.jpg_640x0q85s150_.webp',18),(157,84,'//img.alicdn.com/imgextra/i2/1889175486/O1CN01ZqqiuH1qOdJXufNCS_!!1889175486.jpg_640x0q85s150_.webp',19),(158,84,'//img.alicdn.com/imgextra/i1/1889175486/O1CN01F3HbqR1qOdJXueIiQ_!!1889175486.jpg_640x0q85s150_.webp',20),(159,84,'//img.alicdn.com/imgextra/i3/1889175486/O1CN01L2LcSj1qOdJXPuHJJ_!!1889175486.jpg_640x0q85s150_.webp',21),(160,84,'//img.alicdn.com/imgextra/i4/1889175486/O1CN01NdDCoA1qOdJXPt0MQ_!!1889175486.jpg_640x0q85s150_.webp',22),(161,84,'//img.alicdn.com/imgextra/i3/1889175486/O1CN01E0KMh61qOdJWNTA2A_!!1889175486.jpg_640x0q85s150_.webp',23),(162,84,'//img.alicdn.com/imgextra/i3/1889175486/O1CN015qTe2s1qOdJVhZe23_!!1889175486.jpg_640x0q85s150_.webp',24),(163,84,'//img.alicdn.com/imgextra/i2/1889175486/O1CN01HZiZSM1qOdJVffAej_!!1889175486.jpg_640x0q85s150_.webp',25),(164,84,'//img.alicdn.com/imgextra/i2/1889175486/O1CN01MQz35T1qOdJXuhmvn_!!1889175486.jpg_640x0q85s150_.webp',26),(165,84,'//img.alicdn.com/imgextra/i3/1889175486/O1CN01tADwK51qOdJWvAOfv_!!1889175486.jpg_640x0q85s150_.webp',27),(166,84,'//img.alicdn.com/imgextra/i4/1889175486/O1CN01HKIgo51qOdJWNSUUJ_!!1889175486.jpg_640x0q85s150_.webp',28),(167,84,'//img.alicdn.com/imgextra/i1/1889175486/O1CN01PDAuVA1qOdJXcgOvs_!!1889175486.jpg_640x0q85s150_.webp',29),(168,84,'//img.alicdn.com/imgextra/i2/1889175486/O1CN01aiRAgY1qOdJTuenS3_!!1889175486.jpg_640x0q85s150_.webp',30),(169,84,'//img.alicdn.com/imgextra/i4/1889175486/O1CN01YR8ozi1qOdJUK15UW_!!1889175486.jpg_640x0q85s150_.webp',31),(170,84,'//img.alicdn.com/imgextra/i4/1889175486/O1CN01Kv6kfk1qOdJXcgT6u_!!1889175486.jpg_640x0q85s150_.webp',32),(171,84,'//img.alicdn.com/imgextra/i1/1889175486/O1CN01AnaOuY1qOdJXcfb3R_!!1889175486.jpg_640x0q85s150_.webp',33),(172,84,'//img.alicdn.com/imgextra/i2/1889175486/O1CN01x1F7Xw1qOdJWTZP6X_!!1889175486.jpg_640x0q85s150_.webp',34),(173,84,'//img.alicdn.com/imgextra/i4/1889175486/O1CN01i2TxhK1qOdJTufwBu_!!1889175486.jpg_640x0q85s150_.webp',35),(174,84,'//img.alicdn.com/imgextra/i2/1889175486/O1CN016BZRVA1qOdJXcgjmo_!!1889175486.jpg_640x0q85s150_.webp',36),(175,84,'//img.alicdn.com/imgextra/i1/1889175486/O1CN019Rhkzv1qOdJTDW1cH_!!1889175486.jpg_640x0q85s150_.webp',37),(176,84,'//img.alicdn.com/imgextra/i4/1889175486/O1CN01NRk1Uo1qOdJVhaJjU_!!1889175486.jpg_640x0q85s150_.webp',38),(177,84,'//img.alicdn.com/imgextra/i1/1889175486/O1CN01OMFM7T1qOdJWvBKyC_!!1889175486.jpg_640x0q85s150_.webp',39),(178,84,'//img.alicdn.com/imgextra/i2/1889175486/O1CN01NqNVXU1qOdJWNSI7S_!!1889175486.jpg_640x0q85s150_.webp',40),(179,84,'//img.alicdn.com/imgextra/i3/1889175486/O1CN01zJNpGM1qOdJWNUdeP_!!1889175486.jpg_640x0q85s150_.webp',41),(180,84,'//img.alicdn.com/imgextra/i3/1889175486/O1CN01GZQk161qOdJTuiQ6O_!!1889175486.jpg_640x0q85s150_.webp',42),(181,84,'//img.alicdn.com/imgextra/i3/1889175486/O1CN01Wpfctr1qOdJV48DIL_!!1889175486.jpg_640x0q85s150_.webp',43),(182,84,'//img.alicdn.com/imgextra/i3/1889175486/O1CN01n89jZK1qOdJUK52sT_!!1889175486.jpg_640x0q85s150_.webp',44),(183,84,'//img.alicdn.com/imgextra/i3/1889175486/O1CN01j0zOxx1qOdJXPwE6Q_!!1889175486.jpg_640x0q85s150_.webp',45),(184,84,'//img.alicdn.com/imgextra/i3/1889175486/O1CN01xLARAa1qOdJVfj87g_!!1889175486.jpg_640x0q85s150_.webp',46),(185,84,'//img.alicdn.com/imgextra/i1/1889175486/O1CN01i98uu01qOdJTDYi09_!!1889175486.jpg_640x0q85s150_.webp',47),(186,84,'//img.alicdn.com/imgextra/i1/1889175486/O1CN01Auw7Qq1qOdJWvEHyu_!!1889175486.jpg_640x0q85s150_.webp',48),(187,84,'//img.alicdn.com/imgextra/i3/1889175486/O1CN01kDWN7Z1qOdJWTbcPb_!!1889175486.jpg_640x0q85s150_.webp',49),(188,84,'//img.alicdn.com/imgextra/i4/1889175486/O1CN01baG6wP1qOdJWJkMVY_!!1889175486.jpg_640x0q85s150_.webp',50),(189,84,'//img.alicdn.com/imgextra/i3/1889175486/O1CN01BMTEIm1qOdJWNWRzC_!!1889175486.jpg_640x0q85s150_.webp',51),(190,84,'//gw.alicdn.com/tfs/TB1d0h2qVYqK1RjSZLeXXbXppXa-1125-960.png?getAvatar=avatar_640x0q85s150_.webp',52),(191,99,'//img.alicdn.com/imgextra/i4/53707532/O1CN01y1UCZu25Vhf7n8GJJ_!!53707532.png_640x0q85s150_.webp',1),(192,99,'//img.alicdn.com/imgextra/i2/53707532/O1CN014SWunZ25Vhf7Pm6IZ_!!53707532.png_640x0q85s150_.webp',2),(193,99,'//img.alicdn.com/imgextra/i4/53707532/O1CN0170lChL25Vhf9wOzL6_!!53707532.png_640x0q85s150_.webp',3),(194,99,'//img.alicdn.com/imgextra/i2/53707532/O1CN01Z0Ng8z25VhfALyuhm_!!53707532.png_640x0q85s150_.webp',4),(195,99,'//img.alicdn.com/imgextra/i2/53707532/O1CN01cZJVaw25Vhf8YF15h_!!53707532.png_640x0q85s150_.webp',5),(196,99,'//img.alicdn.com/imgextra/i4/53707532/O1CN01rLjBep25Vhf9wQOe3_!!53707532.png_640x0q85s150_.webp',6),(197,99,'//img.alicdn.com/imgextra/i4/53707532/O1CN01Th9LRj25VhfAqtCOD_!!53707532.png_640x0q85s150_.webp',7),(198,99,'//gw.alicdn.com/tfs/TB1d0h2qVYqK1RjSZLeXXbXppXa-1125-960.png?getAvatar=avatar_640x0q85s150_.webp',8);

/*Table structure for table `goods_img` */

DROP TABLE IF EXISTS `goods_img`;

CREATE TABLE `goods_img` (
  `id` bigint(20) unsigned NOT NULL AUTO_INCREMENT,
  `goods_id` bigint(20) DEFAULT NULL COMMENT '商品Id',
  `img_url` varchar(255) DEFAULT NULL COMMENT '图片链接',
  `order_num` int(11) DEFAULT NULL COMMENT '排序数字',
  PRIMARY KEY (`id`)
) ENGINE=InnoDB AUTO_INCREMENT=79 DEFAULT CHARSET=utf8;

/*Data for the table `goods_img` */

insert  into `goods_img`(`id`,`goods_id`,`img_url`,`order_num`) values (1,4,'https://img.alicdn.com/imgextra/i4/82805426/O1CN015frdVV1px9XdJ2qmt_!!82805426.jpg_640x640q85s150_.webp',1),(2,4,'https://img.alicdn.com/imgextra/i4/82805426/O1CN01inHCtm1px9XgsIfEV_!!82805426.jpg_640x640q85s150_.webp',2),(3,4,'https://img.alicdn.com/imgextra/i2/82805426/O1CN01RSZ7LK1px9XgcYEYO_!!82805426.jpg_640x640q85s150_.webp',3),(4,4,'https://img.alicdn.com/imgextra/i1/82805426/O1CN01m9XroT1px9XwoFXJL_!!82805426.jpg_640x640q85s150_.webp',4),(5,4,'https://img.alicdn.com/imgextra/i2/82805426/O1CN013eMoby1px9XedRsl9_!!82805426.jpg_640x640q85s150_.webp',5),(25,5,'//img.alicdn.com/imgextra/i1/3486615114/O1CN01ipLy3g1neFxW5v2qd_!!3486615114.jpg_640x640q85s150_.webp',1),(26,5,'//img.alicdn.com/imgextra/i4/3486615114/O1CN01rSl0JG1neFylMuC8W_!!3486615114.jpg_640x640q85s150_.webp',2),(27,5,'//img.alicdn.com/imgextra/i3/3486615114/TB2z2ilb0bJ8KJjy1zjXXaqapXa_!!3486615114.jpg_640x640q85s150_.webp',3),(28,5,'//img.alicdn.com/imgextra/i2/3486615114/O1CN011neFw707Bawjhvf_!!3486615114.jpg_640x640q85s150_.webp',4),(29,5,'//img.alicdn.com/imgextra/i2/3486615114/O1CN011neFvuYs2Rp3l6X_!!3486615114.jpg_640x640q85s150_.webp',5),(30,5,'//img.alicdn.com/imgextra/i1/3486615114/O1CN01ipLy3g1neFxW5v2qd_!!3486615114.jpg_640x640q85s150_.webp',6),(31,5,'//img.alicdn.com/imgextra/i4/3486615114/O1CN01rSl0JG1neFylMuC8W_!!3486615114.jpg_640x640q85s150_.webp',7),(32,6,'//img.alicdn.com/imgextra/i3/3998358685/O1CN01w2VEUg2E1mKSzrzlJ_!!3998358685.jpg_640x640q85s150_.webp',1),(33,6,'//img.alicdn.com/imgextra/i3/3998358685/O1CN01geZTLK2E1mKRrNz8J_!!3998358685.jpg_640x640q85s150_.webp',2),(34,6,'//img.alicdn.com/imgextra/i4/3998358685/O1CN01U9Gljh2E1mKRA9Nqp_!!3998358685.jpg_640x640q85s150_.webp',3),(35,6,'//img.alicdn.com/imgextra/i4/3998358685/O1CN01fgS2XX2E1mKTV4son_!!3998358685.jpg_640x640q85s150_.webp',4),(36,6,'//img.alicdn.com/imgextra/i2/3998358685/O1CN017GYeFW2E1mKKP4LDF_!!3998358685.jpg_640x640q85s150_.webp',5),(37,6,'//img.alicdn.com/imgextra/i3/3998358685/O1CN01w2VEUg2E1mKSzrzlJ_!!3998358685.jpg_640x640q85s150_.webp',6),(38,6,'//img.alicdn.com/imgextra/i3/3998358685/O1CN01geZTLK2E1mKRrNz8J_!!3998358685.jpg_640x640q85s150_.webp',7),(39,30,'//img.alicdn.com/imgextra/i1/921722821/TB2oau.aQCWBuNjy0FaXXXUlXXa_!!921722821.jpg_640x640q85s150_.webp',1),(40,30,'//img.alicdn.com/imgextra/i3/921722821/TB1IgW0aHGYBuNjy0FoXXciBFXa_!!0-item_pic.jpg_640x640q85s150_.webp',2),(41,30,'//img.alicdn.com/imgextra/i2/921722821/TB2fAzdaNGYBuNjy0FnXXX5lpXa_!!921722821.jpg_640x640q85s150_.webp',3),(42,30,'//img.alicdn.com/imgextra/i3/921722821/TB2lOSZXTXYBeNkHFrdXXciuVXa_!!921722821.jpg_640x640q85s150_.webp',4),(43,30,'//img.alicdn.com/imgextra/i2/921722821/TB2NxikXOCYBuNkHFCcXXcHtVXa_!!921722821.jpg_640x640q85s150_.webp',5),(44,30,'//img.alicdn.com/imgextra/i1/921722821/TB2oau.aQCWBuNjy0FaXXXUlXXa_!!921722821.jpg_640x640q85s150_.webp',6),(45,30,'//img.alicdn.com/imgextra/i3/921722821/TB1IgW0aHGYBuNjy0FoXXciBFXa_!!0-item_pic.jpg_640x640q85s150_.webp',7),(46,34,'//img.alicdn.com/imgextra/i3/700195909/O1CN011tWMorNoSiawcUf_!!700195909.jpg_640x640q85s150_.webp',1),(47,34,'//img.alicdn.com/imgextra/i1/700195909/TB2obwvjAfb_uJjSsrbXXb6bVXa_!!700195909.jpg_640x640q85s150_.webp',2),(48,34,'//img.alicdn.com/imgextra/i1/700195909/TB2RrGLk4PI8KJjSspoXXX6MFXa_!!700195909.jpg_640x640q85s150_.webp',3),(49,34,'//img.alicdn.com/imgextra/i3/700195909/TB29jfpkZLJ8KJjy0FnXXcFDpXa_!!700195909.jpg_640x640q85s150_.webp',4),(50,34,'//img.alicdn.com/imgextra/i3/700195909/TB2c3q_k46I8KJjy0FgXXXXzVXa_!!700195909.jpg_640x640q85s150_.webp',5),(51,34,'//img.alicdn.com/imgextra/i3/700195909/O1CN011tWMorNoSiawcUf_!!700195909.jpg_640x640q85s150_.webp',6),(52,34,'//img.alicdn.com/imgextra/i1/700195909/TB2obwvjAfb_uJjSsrbXXb6bVXa_!!700195909.jpg_640x640q85s150_.webp',7),(53,78,'//img.alicdn.com/imgextra/i2/692558542/O1CN01VZL3Fa2CyHh22n71a_!!692558542.jpg_640x640q85s150_.webp',1),(54,78,'//img.alicdn.com/imgextra/i4/692558542/O1CN016GjWTh2CyHhQRZ4uK_!!0-item_pic.jpg_640x640q85s150_.webp',2),(55,78,'//img.alicdn.com/imgextra/i3/692558542/O1CN01CIrolv2CyHh1khMHG_!!692558542.jpg_640x640q85s150_.webp',3),(56,78,'//img.alicdn.com/imgextra/i4/692558542/O1CN01rbRw032CyHh1WnkjK_!!692558542.jpg_640x640q85s150_.webp',4),(57,78,'//img.alicdn.com/imgextra/i4/692558542/O1CN01FX0Agq2CyHgzfUmta_!!692558542.jpg_640x640q85s150_.webp',5),(58,78,'//img.alicdn.com/imgextra/i2/692558542/O1CN01VZL3Fa2CyHh22n71a_!!692558542.jpg_640x640q85s150_.webp',6),(59,78,'//img.alicdn.com/imgextra/i4/692558542/O1CN016GjWTh2CyHhQRZ4uK_!!0-item_pic.jpg_640x640q85s150_.webp',7),(60,84,'//img.alicdn.com/imgextra/i4/1889175486/O1CN01p6wdWr1qOdJVfjGWm_!!1889175486.jpg_640x640q85s150_.webp',1),(61,84,'//img.alicdn.com/imgextra/i3/1889175486/O1CN01J9UZe21qOdJTDYRPm_!!1889175486.jpg_640x640q85s150_.webp',2),(62,84,'//img.alicdn.com/imgextra/i2/1889175486/O1CN01NXPeTw1qOdJVHWXBg_!!1889175486.jpg_640x640q85s150_.webp',3),(63,84,'//img.alicdn.com/imgextra/i1/1889175486/O1CN01Qjtxjm1qOdJXuk0NV_!!1889175486.jpg_640x640q85s150_.webp',4),(64,84,'//img.alicdn.com/imgextra/i2/1889175486/O1CN01hdFgfY1qOdJV48LhW_!!1889175486.jpg_640x640q85s150_.webp',5),(65,84,'//img.alicdn.com/imgextra/i4/1889175486/O1CN01p6wdWr1qOdJVfjGWm_!!1889175486.jpg_640x640q85s150_.webp',6),(66,84,'//img.alicdn.com/imgextra/i3/1889175486/O1CN01J9UZe21qOdJTDYRPm_!!1889175486.jpg_640x640q85s150_.webp',7),(67,98,'//img.alicdn.com/imgextra/i3/739171675/O1CN011OFBsezMANh1OUq_!!739171675.jpg_640x640q85s150_.webp',1),(68,98,'//img.alicdn.com/imgextra/i1/739171675/O1CN011OFBsfcHzk7iB9x_!!739171675.jpg_640x640q85s150_.webp',2),(69,98,'//img.alicdn.com/imgextra/i1/739171675/O1CN011OFBsh5V9V7Kn0P_!!739171675.jpg_640x640q85s150_.webp',3),(70,98,'//img.alicdn.com/imgextra/i4/739171675/O1CN011OFBsfKWFGOkqVV_!!739171675.jpg_640x640q85s150_.webp',4),(71,98,'//img.alicdn.com/imgextra/i1/739171675/O1CN011OFBsgssE0kLki8_!!739171675.jpg_640x640q85s150_.webp',5),(72,98,'//img.alicdn.com/imgextra/i3/739171675/O1CN011OFBsezMANh1OUq_!!739171675.jpg_640x640q85s150_.webp',6),(73,98,'//img.alicdn.com/imgextra/i1/739171675/O1CN011OFBsfcHzk7iB9x_!!739171675.jpg_640x640q85s150_.webp',7),(74,99,'//img.alicdn.com/imgextra/i3/53707532/O1CN0147lmxp25VhfBJBE4W_!!53707532.jpg_640x640q85s150_.webp',1),(75,99,'//img.alicdn.com/imgextra/i2/53707532/O1CN01ceDVAg25VhfaTqRYP_!!0-item_pic.jpg_640x640q85s150_.webp',2),(76,99,'//img.alicdn.com/imgextra/i4/53707532/O1CN01nJ2hfR25Vhf9lWYpR_!!53707532.jpg_640x640q85s150_.webp',3),(77,99,'//img.alicdn.com/imgextra/i3/53707532/O1CN0147lmxp25VhfBJBE4W_!!53707532.jpg_640x640q85s150_.webp',4),(78,99,'//img.alicdn.com/imgextra/i2/53707532/O1CN01ceDVAg25VhfaTqRYP_!!0-item_pic.jpg_640x640q85s150_.webp',5);

/*Table structure for table `goods_props` */

DROP TABLE IF EXISTS `goods_props`;

CREATE TABLE `goods_props` (
  `id` bigint(20) unsigned NOT NULL AUTO_INCREMENT,
  `goods_id` bigint(20) DEFAULT NULL COMMENT '商品id',
  `prop_key` varchar(20) DEFAULT NULL COMMENT '属性名称',
  `prop_content` text COMMENT '属性值',
  `order_num` int(11) DEFAULT NULL COMMENT '排序值',
  PRIMARY KEY (`id`)
) ENGINE=InnoDB AUTO_INCREMENT=156 DEFAULT CHARSET=utf8;

/*Data for the table `goods_props` */

insert  into `goods_props`(`id`,`goods_id`,`prop_key`,`prop_content`,`order_num`) values (1,4,'品牌','盛实',NULL),(2,4,'型号','YD55UB8200',NULL),(3,4,'运行内存','2GB',NULL),(4,4,'售后服务','全国联保',NULL),(5,4,'屏幕比例','16:9',NULL),(6,4,'接口类型','AV,HDMI,VGA,耳机接口,USB',NULL),(7,4,'面板类型','IPS',NULL),(8,4,'分辨率','4K电视',NULL),(9,4,'CPU核数','八核心',NULL),(10,4,'颜色分类','32寸高清网络版支持wifi,42寸4k高清网络版,55寸4k高清网络版,60寸4k高清网络版,65寸4k高清网络版,70寸4k高清网络版,75寸4k高清网络版,防爆42寸4k高清网络版,防爆55寸4k高清网络版,防爆60寸4k高清网络版,防爆65寸4k高清网络版,防爆70寸4k高清网络版,防爆75寸4k高清网络版,曲面防爆语音42寸4k网络版,曲面防爆语音55寸4k网络版,曲面防爆语音60寸4k网络版,曲面防爆语音65寸4k网络版,曲面防爆语音75寸4k网络版,曲面防爆语音70寸4k网络版',NULL),(11,4,'标称对比度','10000:1',NULL),(12,4,'同城服务','同城卖家送货上门',NULL),(13,4,'最佳观看距离','3.5-4.0米(52英寸)',NULL),(14,4,'存储内存','8GB',NULL),(15,4,'能效等级','三级',NULL),(16,4,'背光灯类型','LED发光二极管',NULL),(17,4,'电视类型','LED电视',NULL),(18,4,'网络连接方式','全部支持',NULL),(19,4,'刷屏率','60Hz',NULL),(20,4,'扫描方式','逐行扫描',NULL),(21,4,'扬声器数量','2个',NULL),(22,4,'接收制式','PAL\\NTSC\\SECAM',NULL),(23,4,'芯片类型','mstar648',NULL),(24,4,'操作系统','安卓',NULL),(25,4,'亮度','800cd/m^2',NULL),(26,4,'HDMI接口数量','2个',NULL),(27,4,'主机尺寸（不含底座）mm','1127.3*73.1*659.9mm',NULL),(28,4,'毛重','18kg',NULL),(29,4,'包装尺寸','1500x25x700mm',NULL),(30,4,'上市时间','2017-03',NULL),(31,4,'屏幕尺寸','55英寸',NULL),(32,4,'净重(不含底座)','16kg',NULL),(33,4,'电视形态','平板',NULL),(34,4,'采购地','中国大陆',NULL),(35,4,'片源内容','爱奇艺',NULL),(43,5,'品牌','王牌知音',1),(44,5,'型号','YS-K3202',2),(45,5,'售后服务','店铺三包',3),(46,5,'产地','中国大陆',4),(47,5,'屏幕比例','16:9',5),(48,5,'面板类型','IPS',6),(49,5,'分辨率','1366x768',7),(50,5,'颜色分类','32寸高清屏【普通电视版】,32寸高清屏【智能网络版】,42寸高清屏【普通电视版】,42寸高清屏【智能网络版】,55寸高清屏【普通电视版】,55寸高清屏【智能网络版】,30寸高清屏【智能网络版】,32寸高清【曲面网络版WIFI】,42寸高清【曲面网络版WIFI】,32寸高清级【普通电视版】,32寸高清级【智能网络版】,42寸高清级【普通电视版】,42寸高清级【智能网络版】,60寸高清屏【普通电视版】,60寸高清屏【智能网络版】,46寸高清屏【智能网络版】,46寸高清屏【普通电视版】,32寸一线屏【普通电视版】,32寸一线屏【智能网络版】,46寸高清级【普通电视版】,46寸高清级【智能网络版】',8),(51,5,'最佳观看距离','2.5m(含)-2.9m(含)',9),(52,5,'能效等级','三级',10),(53,5,'背光灯类型','LED发光二极管',11),(54,5,'电视类型','LED电视',12),(55,5,'网络连接方式','全部支持',13),(56,5,'扫描方式','逐行扫描',14),(57,5,'扬声器数量','2个',15),(58,5,'接收制式','PAL\\NTSC\\SECAM',16),(59,5,'附加功能','地面数字信号接收,数字一体机,USB媒体播放,WIFI,网络高清播放,网络在线电影',17),(60,5,'操作系统','安卓',18),(61,5,'HDMI接口数量','1个',19),(62,5,'视频显示格式','1080p',20),(63,5,'上市时间','2017-07',21),(64,5,'屏幕尺寸','32英寸',22),(65,5,'能效备案号','201801-22-11021271-2751671104235',23),(66,5,'电视形态','平板',24),(67,5,'采购地','中国大陆',25),(68,6,'品牌','惠菱',1),(69,6,'型号','JM-8832C',2),(70,6,'产地','其他海外地区',3),(71,6,'分辨率','1920x1080',4),(72,6,'颜色分类','17寸液晶电视,19寸液晶电视,22寸液晶电视,26寸液晶电视,28寸液晶电视,30寸液晶电视,32寸液晶电视,17寸液晶电视【网络版】,19寸液晶电视【网络版】,22寸液晶电视【网络版】,26寸液晶电视【网络版】,28寸液晶电视【网络版】,30寸液晶电视【网络版】,32寸液晶电视【网络版】,网络机顶盒',5),(73,6,'套餐类型','官方标配',6),(74,6,'能效等级','无',7),(75,6,'电视类型','LCD电视',8),(76,6,'网络连接方式','全部支持',9),(77,6,'操作系统','安卓',10),(78,6,'上市时间','2019-01',11),(79,6,'屏幕尺寸','32英寸',12),(80,6,'电视形态','平板',13),(81,6,'采购地','其他海外地区',14),(82,30,'生产日期','2018年10月15日 至 2018年10月15日',1),(83,30,'生产许可证编号','SC11723270100977',2),(84,30,'产品标准号','Q/DHS 0001S',3),(85,30,'厂名','大兴安岭黑森野生蓝莓科技开发有限公司',4),(86,30,'厂址','大兴安岭地区加格达奇区东山社区朝阳居委会',5),(87,30,'厂家联系方式','0596-6239666',6),(88,30,'配料表','野生蓝莓干 野生蔓越莓干',7),(89,30,'储藏方法','密封避光置于阴凉干燥处或冰箱冷藏',8),(90,30,'保质期','180',9),(91,30,'食品添加剂','无',10),(92,30,'品牌','许氏醇品',11),(93,30,'系列','健康小食',12),(94,30,'食品工艺','果干类',13),(95,30,'产地','中国大陆',14),(96,30,'省份','黑龙江省',15),(97,30,'城市','大兴安岭地区',16),(98,30,'是否含糖','含糖',17),(99,30,'包装方式','包装',18),(100,30,'特产品类','大兴安岭蓝莓果干',19),(101,30,'净含量','200g',20),(102,34,'生产日期','2019年01月10日 至 2019年02月12日',1),(103,34,'生产许可证编号','SC11837048102009',2),(104,34,'厂名','滕州市解馋电子商务有限公司',3),(105,34,'厂址','山东省枣庄市滕州市龙泉街道西大庙村207号（京福高速路西）',4),(106,34,'厂家联系方式','0632-5055975',5),(107,34,'配料表','种植蓝莓 白砂糖 葵瓜子油',6),(108,34,'储藏方法','阴凉干燥处存放',7),(109,34,'保质期','300',8),(110,34,'食品添加剂','无',9),(111,34,'净含量','250g',10),(112,34,'包装方式','包装',11),(113,34,'品牌','壮壮豆豆',12),(114,34,'系列','蓝莓干',13),(115,34,'产地','中国大陆',14),(116,34,'省份','山东省',15),(117,34,'城市','枣庄市',16),(118,78,'品牌','miss38',1),(119,78,'适用年龄','25-29周岁',2),(120,78,'面料','棉,其他',3),(121,78,'尺码','34,36,38,40,42,44',4),(122,78,'图案','纯色',5),(123,78,'风格','街头',6),(124,78,'大码女装分类','牛仔裤',7),(125,78,'颜色分类','黑色',8),(126,78,'组合形式','单件',9),(127,78,'货号','01097',10),(128,78,'成分含量','96%及以上',11),(129,78,'年份季节','2019年春季',12),(130,78,'厚薄','适中',13),(131,78,'服装版型','修身',14),(132,78,'服装款式细节','口袋',15),(133,78,'服饰工艺','立体裁剪',16),(134,78,'裤长','长裤',17),(135,84,'尺码','大码XL（100-130斤）,大码2XL（130-170斤）,大码3XL（170-210斤）',1),(136,84,'风格','街头',2),(137,84,'领型','圆领',3),(138,84,'颜色分类','印花美女短袖白色,印花美女短袖黑色,印花美女短袖灰色',4),(139,84,'组合形式','单件',5),(140,84,'年份季节','2019年春季',6),(141,84,'袖长','短袖',7),(142,84,'穿着方式','套头',8),(143,84,'厚薄','适中',9),(144,84,'衣长','常规',10),(145,84,'服装版型','宽松',11),(146,84,'服饰工艺','立体裁剪',12),(147,99,'品牌','Lancome/兰蔻',1),(148,99,'兰蔻单品','菁纯臻颜日霜',2),(149,99,'产地','法国',3),(150,99,'乳液/面霜品类','面霜',4),(151,99,'批准文号','国妆备进字J20097183',5),(152,99,'上市时间','2002年',6),(153,99,'功效','修护,保湿,提拉紧致',7),(154,99,'规格类型','小样',8),(155,99,'是否为特殊用途化妆品','否',9);

/*Table structure for table `goods_service` */

DROP TABLE IF EXISTS `goods_service`;

CREATE TABLE `goods_service` (
  `id` bigint(20) NOT NULL AUTO_INCREMENT,
  `goods_id` bigint(20) DEFAULT NULL COMMENT '商品id',
  `service_key` varchar(255) DEFAULT NULL COMMENT '服务名称',
  `service_content` varchar(255) DEFAULT NULL COMMENT '服务内容',
  `order_num` int(11) DEFAULT NULL COMMENT '排序',
  PRIMARY KEY (`id`)
) ENGINE=InnoDB AUTO_INCREMENT=28 DEFAULT CHARSET=utf8;

/*Data for the table `goods_service` */

insert  into `goods_service`(`id`,`goods_id`,`service_key`,`service_content`,`order_num`) values (1,4,'订单险','保险公司全程担保赔付该商品每笔交易的售后',NULL),(2,4,'7天无理由','满足7天无理由退换货申请的前提下，包邮商品需要买家承担退货邮费，非包邮商品需要买家承担发货和退货邮费。',NULL),(3,4,'运费险','卖家为您购买的商品投保退货运费险（保单生效以确认订单页展示的运费险为准）',NULL),(4,4,'公益宝贝','购买该商品，每笔成交都会有相应金额捐赠给公益。感谢您的支持，愿公益的快乐伴随您每一天。',NULL),(5,4,'48小时内发货','卖家会在承诺时间内发货，官方活动期间的发货时间以具体活动要求为准，如买家与卖家另有约定时间（含预约配送），从其约定。',NULL),(6,5,'7天无理由','满足7天无理由退换货申请的前提下，包邮商品需要买家承担退货邮费，非包邮商品需要买家承担发货和退货邮费。',1),(7,5,'运费险','卖家为您购买的商品投保退货运费险（保单生效以确认订单页展示的运费险为准）',2),(8,5,'公益宝贝','购买该商品，每笔成交都会有相应金额捐赠给公益。感谢您的支持，愿公益的快乐伴随您每一天。',3),(9,5,'48小时内发货','卖家会在承诺时间内发货，官方活动期间的发货时间以具体活动要求为准，如买家与卖家另有约定时间（含预约配送），从其约定。',4),(10,6,'订单险','保险公司全程担保赔付该商品每笔交易的售后',1),(11,6,'7天无理由','满足7天无理由退换货申请的前提下，包邮商品需要买家承担退货邮费，非包邮商品需要买家承担发货和退货邮费。',2),(12,6,'运费险','卖家为您购买的商品投保退货运费险（保单生效以确认订单页展示的运费险为准）',3),(13,6,'公益宝贝','购买该商品，每笔成交都会有相应金额捐赠给公益。感谢您的支持，愿公益的快乐伴随您每一天。',4),(14,6,'48小时内发货','卖家会在承诺时间内发货，官方活动期间的发货时间以具体活动要求为准，如买家与卖家另有约定时间（含预约配送），从其约定。',5),(15,30,'坏单包赔','商家承诺所售商品在签收时如有商品破损、变质、动植物死亡等情况，可在24小时内向商家举证，商家在24小时内响应买家退款或退货需求。',1),(16,30,'订单险','保险公司全程担保赔付该商品每笔交易的售后',2),(17,30,'7天无理由','满足7天无理由退换货申请的前提下，包邮商品需要买家承担退货邮费，非包邮商品需要买家承担发货和退货邮费。',3),(18,34,'坏单包赔','商家承诺所售商品在签收时如有商品破损、变质、动植物死亡等情况，可在24小时内向商家举证，商家在24小时内响应买家退款或退货需求。',1),(19,34,'订单险','保险公司全程担保赔付该商品每笔交易的售后',2),(20,34,'7天无理由','满足7天无理由退换货申请的前提下，包邮商品需要买家承担退货邮费，非包邮商品需要买家承担发货和退货邮费。',3),(21,78,'15天退货','15天退货，退货邮费买家承担',1),(22,78,'24小时内发货',NULL,2),(23,84,'7天无理由','满足7天无理由退换货申请的前提下，包邮商品需要买家承担退货邮费，非包邮商品需要买家承担发货和退货邮费。',1),(24,84,'15天内发货',NULL,2),(25,99,'7天无理由','满足7天无理由退换货申请的前提下，包邮商品需要买家承担退货邮费，非包邮商品需要买家承担发货和退货邮费。',1),(26,99,'运费险','卖家为您购买的商品投保退货运费险（保单生效以确认订单页展示的运费险为准）',2),(27,99,'30天内发货',NULL,3);

/*Table structure for table `goods_sku` */

DROP TABLE IF EXISTS `goods_sku`;

CREATE TABLE `goods_sku` (
  `id` bigint(20) unsigned NOT NULL AUTO_INCREMENT,
  `goods_id` bigint(20) DEFAULT NULL COMMENT '商品id',
  `price_money` int(11) DEFAULT '0' COMMENT '商品价格：分为单位',
  `price_text` varchar(255) DEFAULT NULL COMMENT '价格文本',
  `quantity` int(11) DEFAULT '0' COMMENT '库存',
  `sku_name` varchar(255) DEFAULT NULL COMMENT 'sku名称',
  PRIMARY KEY (`id`)
) ENGINE=InnoDB AUTO_INCREMENT=41 DEFAULT CHARSET=utf8;

/*Data for the table `goods_sku` */

insert  into `goods_sku`(`id`,`goods_id`,`price_money`,`price_text`,`quantity`,`sku_name`) values (1,5,0,NULL,0,'32寸高清屏【普通电视版】 黑色'),(2,5,0,NULL,0,'32寸高清屏【智能网络版】 黑色'),(3,5,0,NULL,0,'42寸高清屏【普通电视版】 黑色'),(4,5,0,NULL,0,'42寸高清屏【智能网络版】 黑色'),(5,5,0,NULL,0,'55寸高清屏【普通电视版】 金色/黑色'),(6,5,0,NULL,0,'55寸高清屏【智能网络版】 金色/黑色'),(7,5,0,NULL,0,'30寸高清屏【智能网络版】 黑色'),(8,5,0,NULL,0,'32寸高清【曲面网络版WIFI】 黑色'),(9,5,0,NULL,0,'42寸高清【曲面网络版WIFI】 黑色'),(10,5,0,NULL,0,'32寸高清级【普通电视版】 黑色'),(11,5,0,NULL,0,'32寸高清级【智能网络版】 黑色'),(12,5,0,NULL,0,'42寸高清级【普通电视版】 黑色'),(13,5,0,NULL,0,'42寸高清级【智能网络版】 黑色'),(14,5,0,NULL,0,'60寸高清屏【普通电视版】 金色'),(15,5,0,NULL,0,'60寸高清屏【智能网络版】 金色'),(16,5,0,NULL,0,'46寸高清屏【智能网络版】 黑色'),(17,5,0,NULL,0,'46寸高清屏【普通电视版】 黑色'),(18,5,0,NULL,0,'32寸一线屏【普通电视版】 黑色'),(19,5,0,NULL,0,'32寸一线屏【智能网络版】 黑色'),(20,5,0,NULL,0,'46寸高清级【普通电视版】 黑色'),(21,5,0,NULL,0,'46寸高清级【智能网络版】 黑色'),(22,6,0,NULL,0,'17寸液晶电视'),(23,6,0,NULL,0,'19寸液晶电视'),(24,6,0,NULL,0,'22寸液晶电视'),(25,6,0,NULL,0,'26寸液晶电视'),(26,6,0,NULL,0,'28寸液晶电视'),(27,6,0,NULL,0,'30寸液晶电视'),(28,6,0,NULL,0,'32寸液晶电视'),(29,6,0,NULL,0,'17寸液晶电视【网络版】'),(30,6,0,NULL,0,'19寸液晶电视【网络版】'),(31,6,0,NULL,0,'22寸液晶电视【网络版】'),(32,6,0,NULL,0,'26寸液晶电视【网络版】'),(33,6,0,NULL,0,'28寸液晶电视【网络版】'),(34,6,0,NULL,0,'30寸液晶电视【网络版】'),(35,6,0,NULL,0,'32寸液晶电视【网络版】'),(36,6,0,NULL,0,'网络机顶盒'),(37,78,0,NULL,0,'黑色'),(38,84,0,NULL,0,'印花美女短袖白色 预售15天发货'),(39,84,0,NULL,0,'印花美女短袖黑色 预售15天发货'),(40,84,0,NULL,0,'印花美女短袖灰色 预售15天发货');

/*Table structure for table `miaosha_goods` */

DROP TABLE IF EXISTS `miaosha_goods`;

CREATE TABLE `miaosha_goods` (
  `id` bigint(20) NOT NULL AUTO_INCREMENT COMMENT '秒杀商品Id',
  `goods_id` bigint(20) DEFAULT NULL COMMENT '商品id',
  `miaosha_price` decimal(10,2) DEFAULT '0.00' COMMENT '秒杀价',
  `stock_count` int(11) DEFAULT '0' COMMENT '库存数量',
  `start_date` datetime DEFAULT NULL COMMENT '秒杀开始时间',
  `end_date` datetime DEFAULT NULL COMMENT '秒杀结束时间',
  `start_time` timestamp NULL DEFAULT NULL,
  `end_time` timestamp NULL DEFAULT NULL,
  PRIMARY KEY (`id`)
) ENGINE=InnoDB AUTO_INCREMENT=4 DEFAULT CHARSET=utf8;

/*Data for the table `miaosha_goods` */

insert  into `miaosha_goods`(`id`,`goods_id`,`miaosha_price`,`stock_count`,`start_date`,`end_date`,`start_time`,`end_time`) values (1,1,'399.00',100,'2019-03-03 21:10:23','2019-03-04 21:10:26','2019-03-04 22:25:21','2019-03-28 22:25:27'),(2,2,'556.00',95,'2019-03-06 15:20:55','2019-03-07 21:10:57','2019-03-03 22:25:29','2019-03-04 22:25:33'),(3,3,'1.99',100,'2019-03-06 21:11:24','2019-03-28 21:11:26','2019-03-13 22:25:36','2019-03-20 22:25:39');

/*Table structure for table `miaosha_order` */

DROP TABLE IF EXISTS `miaosha_order`;

CREATE TABLE `miaosha_order` (
  `id` bigint(20) NOT NULL AUTO_INCREMENT COMMENT 'Id',
  `user_id` bigint(20) DEFAULT NULL COMMENT '用户id',
  `goods_id` bigint(20) DEFAULT NULL COMMENT '商品id',
  `order_id` bigint(20) DEFAULT NULL COMMENT '订单id',
  PRIMARY KEY (`id`),
  UNIQUE KEY `uq_good_user` (`user_id`,`goods_id`)
) ENGINE=InnoDB AUTO_INCREMENT=7 DEFAULT CHARSET=utf8;

/*Data for the table `miaosha_order` */

insert  into `miaosha_order`(`id`,`user_id`,`goods_id`,`order_id`) values (6,3,2,6);

/*Table structure for table `order_info` */

DROP TABLE IF EXISTS `order_info`;

CREATE TABLE `order_info` (
  `id` bigint(20) NOT NULL AUTO_INCREMENT COMMENT 'Id',
  `user_id` bigint(20) DEFAULT NULL COMMENT '用户id',
  `goods_id` bigint(20) DEFAULT NULL COMMENT '商品id',
  `delivery_addr_id` bigint(20) DEFAULT NULL COMMENT '收货地址id',
  `goods_name` varchar(16) DEFAULT NULL COMMENT '商品名称',
  `goods_count` int(11) DEFAULT NULL COMMENT '商品名称',
  `goods_price` decimal(10,2) DEFAULT '0.00' COMMENT '商品单价',
  `order_channel` tinyint(4) DEFAULT '0' COMMENT '1pc 2android 3ios',
  `status` tinyint(4) DEFAULT '0' COMMENT '订单状态 0新建支付 1已支付 2 已发货 3已收货 4已退款 5已完成',
  `create_date` datetime DEFAULT NULL COMMENT '订单创建时间',
  `pay_date` datetime DEFAULT NULL COMMENT '支付时间',
  PRIMARY KEY (`id`)
) ENGINE=InnoDB AUTO_INCREMENT=7 DEFAULT CHARSET=utf8;

/*Data for the table `order_info` */

insert  into `order_info`(`id`,`user_id`,`goods_id`,`delivery_addr_id`,`goods_name`,`goods_count`,`goods_price`,`order_channel`,`status`,`create_date`,`pay_date`) values (6,3,2,0,'万茂液晶电视',1,'556.00',1,0,'2019-03-10 22:24:55',NULL);

/*Table structure for table `qrtz_blob_triggers` */

DROP TABLE IF EXISTS `qrtz_blob_triggers`;

CREATE TABLE `qrtz_blob_triggers` (
  `SCHED_NAME` varchar(120) NOT NULL,
  `TRIGGER_NAME` varchar(200) NOT NULL,
  `TRIGGER_GROUP` varchar(200) NOT NULL,
  `BLOB_DATA` blob,
  PRIMARY KEY (`SCHED_NAME`,`TRIGGER_NAME`,`TRIGGER_GROUP`),
  KEY `SCHED_NAME` (`SCHED_NAME`,`TRIGGER_NAME`,`TRIGGER_GROUP`),
  CONSTRAINT `qrtz_blob_triggers_ibfk_1` FOREIGN KEY (`SCHED_NAME`, `TRIGGER_NAME`, `TRIGGER_GROUP`) REFERENCES `qrtz_triggers` (`SCHED_NAME`, `TRIGGER_NAME`, `TRIGGER_GROUP`)
) ENGINE=InnoDB DEFAULT CHARSET=utf8;

/*Data for the table `qrtz_blob_triggers` */

/*Table structure for table `qrtz_calendars` */

DROP TABLE IF EXISTS `qrtz_calendars`;

CREATE TABLE `qrtz_calendars` (
  `SCHED_NAME` varchar(120) NOT NULL,
  `CALENDAR_NAME` varchar(200) NOT NULL,
  `CALENDAR` blob NOT NULL,
  PRIMARY KEY (`SCHED_NAME`,`CALENDAR_NAME`)
) ENGINE=InnoDB DEFAULT CHARSET=utf8;

/*Data for the table `qrtz_calendars` */

/*Table structure for table `qrtz_cron_triggers` */

DROP TABLE IF EXISTS `qrtz_cron_triggers`;

CREATE TABLE `qrtz_cron_triggers` (
  `SCHED_NAME` varchar(120) NOT NULL,
  `TRIGGER_NAME` varchar(200) NOT NULL,
  `TRIGGER_GROUP` varchar(200) NOT NULL,
  `CRON_EXPRESSION` varchar(120) NOT NULL,
  `TIME_ZONE_ID` varchar(80) DEFAULT NULL,
  PRIMARY KEY (`SCHED_NAME`,`TRIGGER_NAME`,`TRIGGER_GROUP`),
  CONSTRAINT `qrtz_cron_triggers_ibfk_1` FOREIGN KEY (`SCHED_NAME`, `TRIGGER_NAME`, `TRIGGER_GROUP`) REFERENCES `qrtz_triggers` (`SCHED_NAME`, `TRIGGER_NAME`, `TRIGGER_GROUP`)
) ENGINE=InnoDB DEFAULT CHARSET=utf8;

/*Data for the table `qrtz_cron_triggers` */

insert  into `qrtz_cron_triggers`(`SCHED_NAME`,`TRIGGER_NAME`,`TRIGGER_GROUP`,`CRON_EXPRESSION`,`TIME_ZONE_ID`) values ('RenrenScheduler','TASK_1','DEFAULT','0 0/30 * * * ?','Asia/Shanghai'),('RenrenScheduler','TASK_2','DEFAULT','0 0/30 * * * ?','Asia/Shanghai');

/*Table structure for table `qrtz_fired_triggers` */

DROP TABLE IF EXISTS `qrtz_fired_triggers`;

CREATE TABLE `qrtz_fired_triggers` (
  `SCHED_NAME` varchar(120) NOT NULL,
  `ENTRY_ID` varchar(95) NOT NULL,
  `TRIGGER_NAME` varchar(200) NOT NULL,
  `TRIGGER_GROUP` varchar(200) NOT NULL,
  `INSTANCE_NAME` varchar(200) NOT NULL,
  `FIRED_TIME` bigint(13) NOT NULL,
  `SCHED_TIME` bigint(13) NOT NULL,
  `PRIORITY` int(11) NOT NULL,
  `STATE` varchar(16) NOT NULL,
  `JOB_NAME` varchar(200) DEFAULT NULL,
  `JOB_GROUP` varchar(200) DEFAULT NULL,
  `IS_NONCONCURRENT` varchar(1) DEFAULT NULL,
  `REQUESTS_RECOVERY` varchar(1) DEFAULT NULL,
  PRIMARY KEY (`SCHED_NAME`,`ENTRY_ID`),
  KEY `IDX_QRTZ_FT_TRIG_INST_NAME` (`SCHED_NAME`,`INSTANCE_NAME`),
  KEY `IDX_QRTZ_FT_INST_JOB_REQ_RCVRY` (`SCHED_NAME`,`INSTANCE_NAME`,`REQUESTS_RECOVERY`),
  KEY `IDX_QRTZ_FT_J_G` (`SCHED_NAME`,`JOB_NAME`,`JOB_GROUP`),
  KEY `IDX_QRTZ_FT_JG` (`SCHED_NAME`,`JOB_GROUP`),
  KEY `IDX_QRTZ_FT_T_G` (`SCHED_NAME`,`TRIGGER_NAME`,`TRIGGER_GROUP`),
  KEY `IDX_QRTZ_FT_TG` (`SCHED_NAME`,`TRIGGER_GROUP`)
) ENGINE=InnoDB DEFAULT CHARSET=utf8;

/*Data for the table `qrtz_fired_triggers` */

/*Table structure for table `qrtz_job_details` */

DROP TABLE IF EXISTS `qrtz_job_details`;

CREATE TABLE `qrtz_job_details` (
  `SCHED_NAME` varchar(120) NOT NULL,
  `JOB_NAME` varchar(200) NOT NULL,
  `JOB_GROUP` varchar(200) NOT NULL,
  `DESCRIPTION` varchar(250) DEFAULT NULL,
  `JOB_CLASS_NAME` varchar(250) NOT NULL,
  `IS_DURABLE` varchar(1) NOT NULL,
  `IS_NONCONCURRENT` varchar(1) NOT NULL,
  `IS_UPDATE_DATA` varchar(1) NOT NULL,
  `REQUESTS_RECOVERY` varchar(1) NOT NULL,
  `JOB_DATA` blob,
  PRIMARY KEY (`SCHED_NAME`,`JOB_NAME`,`JOB_GROUP`),
  KEY `IDX_QRTZ_J_REQ_RECOVERY` (`SCHED_NAME`,`REQUESTS_RECOVERY`),
  KEY `IDX_QRTZ_J_GRP` (`SCHED_NAME`,`JOB_GROUP`)
) ENGINE=InnoDB DEFAULT CHARSET=utf8;

/*Data for the table `qrtz_job_details` */

insert  into `qrtz_job_details`(`SCHED_NAME`,`JOB_NAME`,`JOB_GROUP`,`DESCRIPTION`,`JOB_CLASS_NAME`,`IS_DURABLE`,`IS_NONCONCURRENT`,`IS_UPDATE_DATA`,`REQUESTS_RECOVERY`,`JOB_DATA`) values ('RenrenScheduler','TASK_1','DEFAULT',NULL,'io.renren.modules.job.utils.ScheduleJob','0','0','0','0','\0sr\0org.quartz.JobDataMap迩\0\0xr\0&org.quartz.utils.StringKeyDirtyFlagMap](\0Z\0allowsTransientDataxr\0org.quartz.utils.DirtyFlagMap.(v\n\0Z\0dirtyL\0mapt\0Ljava/util/Map;xpsr\0java.util.HashMap`\0F\0\nloadFactorI\0	thresholdxp?@\0\0\0\0\0w\0\0\0\0\0\0t\0\rJOB_PARAM_KEYsr\0.io.renren.modules.job.entity.ScheduleJobEntity\0\0\0\0\0\0\0\0L\0beanNamet\0Ljava/lang/String;L\0\ncreateTimet\0Ljava/util/Date;L\0cronExpressionq\0~\0	L\0jobIdt\0Ljava/lang/Long;L\0\nmethodNameq\0~\0	L\0paramsq\0~\0	L\0remarkq\0~\0	L\0statust\0Ljava/lang/Integer;xpt\0testTasksr\0java.util.DatehjKYt\0\0xpw\0\0X0xt\00 0/30 * * * ?sr\0java.lang.Long;̏#\0J\0valuexr\0java.lang.Number\0\0xp\0\0\0\0\0\0\0t\0testt\0renrent\0有参数测试sr\0java.lang.Integer⠤8\0I\0valuexq\0~\0\0\0\0\0x\0'),('RenrenScheduler','TASK_2','DEFAULT',NULL,'io.renren.modules.job.utils.ScheduleJob','0','0','0','0','\0sr\0org.quartz.JobDataMap迩\0\0xr\0&org.quartz.utils.StringKeyDirtyFlagMap](\0Z\0allowsTransientDataxr\0org.quartz.utils.DirtyFlagMap.(v\n\0Z\0dirtyL\0mapt\0Ljava/util/Map;xpsr\0java.util.HashMap`\0F\0\nloadFactorI\0	thresholdxp?@\0\0\0\0\0w\0\0\0\0\0\0t\0\rJOB_PARAM_KEYsr\0.io.renren.modules.job.entity.ScheduleJobEntity\0\0\0\0\0\0\0\0L\0beanNamet\0Ljava/lang/String;L\0\ncreateTimet\0Ljava/util/Date;L\0cronExpressionq\0~\0	L\0jobIdt\0Ljava/lang/Long;L\0\nmethodNameq\0~\0	L\0paramsq\0~\0	L\0remarkq\0~\0	L\0statust\0Ljava/lang/Integer;xpt\0testTasksr\0java.util.DatehjKYt\0\0xpw\0\0Xw`xt\00 0/30 * * * ?sr\0java.lang.Long;̏#\0J\0valuexr\0java.lang.Number\0\0xp\0\0\0\0\0\0\0t\0test2pt\0无参数测试sr\0java.lang.Integer⠤8\0I\0valuexq\0~\0\0\0\0x\0');

/*Table structure for table `qrtz_locks` */

DROP TABLE IF EXISTS `qrtz_locks`;

CREATE TABLE `qrtz_locks` (
  `SCHED_NAME` varchar(120) NOT NULL,
  `LOCK_NAME` varchar(40) NOT NULL,
  PRIMARY KEY (`SCHED_NAME`,`LOCK_NAME`)
) ENGINE=InnoDB DEFAULT CHARSET=utf8;

/*Data for the table `qrtz_locks` */

insert  into `qrtz_locks`(`SCHED_NAME`,`LOCK_NAME`) values ('RenrenScheduler','STATE_ACCESS'),('RenrenScheduler','TRIGGER_ACCESS');

/*Table structure for table `qrtz_paused_trigger_grps` */

DROP TABLE IF EXISTS `qrtz_paused_trigger_grps`;

CREATE TABLE `qrtz_paused_trigger_grps` (
  `SCHED_NAME` varchar(120) NOT NULL,
  `TRIGGER_GROUP` varchar(200) NOT NULL,
  PRIMARY KEY (`SCHED_NAME`,`TRIGGER_GROUP`)
) ENGINE=InnoDB DEFAULT CHARSET=utf8;

/*Data for the table `qrtz_paused_trigger_grps` */

/*Table structure for table `qrtz_scheduler_state` */

DROP TABLE IF EXISTS `qrtz_scheduler_state`;

CREATE TABLE `qrtz_scheduler_state` (
  `SCHED_NAME` varchar(120) NOT NULL,
  `INSTANCE_NAME` varchar(200) NOT NULL,
  `LAST_CHECKIN_TIME` bigint(13) NOT NULL,
  `CHECKIN_INTERVAL` bigint(13) NOT NULL,
  PRIMARY KEY (`SCHED_NAME`,`INSTANCE_NAME`)
) ENGINE=InnoDB DEFAULT CHARSET=utf8;

/*Data for the table `qrtz_scheduler_state` */

insert  into `qrtz_scheduler_state`(`SCHED_NAME`,`INSTANCE_NAME`,`LAST_CHECKIN_TIME`,`CHECKIN_INTERVAL`) values ('RenrenScheduler','SC-2018112510341550208727483',1550208854779,15000);

/*Table structure for table `qrtz_simple_triggers` */

DROP TABLE IF EXISTS `qrtz_simple_triggers`;

CREATE TABLE `qrtz_simple_triggers` (
  `SCHED_NAME` varchar(120) NOT NULL,
  `TRIGGER_NAME` varchar(200) NOT NULL,
  `TRIGGER_GROUP` varchar(200) NOT NULL,
  `REPEAT_COUNT` bigint(7) NOT NULL,
  `REPEAT_INTERVAL` bigint(12) NOT NULL,
  `TIMES_TRIGGERED` bigint(10) NOT NULL,
  PRIMARY KEY (`SCHED_NAME`,`TRIGGER_NAME`,`TRIGGER_GROUP`),
  CONSTRAINT `qrtz_simple_triggers_ibfk_1` FOREIGN KEY (`SCHED_NAME`, `TRIGGER_NAME`, `TRIGGER_GROUP`) REFERENCES `qrtz_triggers` (`SCHED_NAME`, `TRIGGER_NAME`, `TRIGGER_GROUP`)
) ENGINE=InnoDB DEFAULT CHARSET=utf8;

/*Data for the table `qrtz_simple_triggers` */

/*Table structure for table `qrtz_simprop_triggers` */

DROP TABLE IF EXISTS `qrtz_simprop_triggers`;

CREATE TABLE `qrtz_simprop_triggers` (
  `SCHED_NAME` varchar(120) NOT NULL,
  `TRIGGER_NAME` varchar(200) NOT NULL,
  `TRIGGER_GROUP` varchar(200) NOT NULL,
  `STR_PROP_1` varchar(512) DEFAULT NULL,
  `STR_PROP_2` varchar(512) DEFAULT NULL,
  `STR_PROP_3` varchar(512) DEFAULT NULL,
  `INT_PROP_1` int(11) DEFAULT NULL,
  `INT_PROP_2` int(11) DEFAULT NULL,
  `LONG_PROP_1` bigint(20) DEFAULT NULL,
  `LONG_PROP_2` bigint(20) DEFAULT NULL,
  `DEC_PROP_1` decimal(13,4) DEFAULT NULL,
  `DEC_PROP_2` decimal(13,4) DEFAULT NULL,
  `BOOL_PROP_1` varchar(1) DEFAULT NULL,
  `BOOL_PROP_2` varchar(1) DEFAULT NULL,
  PRIMARY KEY (`SCHED_NAME`,`TRIGGER_NAME`,`TRIGGER_GROUP`),
  CONSTRAINT `qrtz_simprop_triggers_ibfk_1` FOREIGN KEY (`SCHED_NAME`, `TRIGGER_NAME`, `TRIGGER_GROUP`) REFERENCES `qrtz_triggers` (`SCHED_NAME`, `TRIGGER_NAME`, `TRIGGER_GROUP`)
) ENGINE=InnoDB DEFAULT CHARSET=utf8;

/*Data for the table `qrtz_simprop_triggers` */

/*Table structure for table `qrtz_triggers` */

DROP TABLE IF EXISTS `qrtz_triggers`;

CREATE TABLE `qrtz_triggers` (
  `SCHED_NAME` varchar(120) NOT NULL,
  `TRIGGER_NAME` varchar(200) NOT NULL,
  `TRIGGER_GROUP` varchar(200) NOT NULL,
  `JOB_NAME` varchar(200) NOT NULL,
  `JOB_GROUP` varchar(200) NOT NULL,
  `DESCRIPTION` varchar(250) DEFAULT NULL,
  `NEXT_FIRE_TIME` bigint(13) DEFAULT NULL,
  `PREV_FIRE_TIME` bigint(13) DEFAULT NULL,
  `PRIORITY` int(11) DEFAULT NULL,
  `TRIGGER_STATE` varchar(16) NOT NULL,
  `TRIGGER_TYPE` varchar(8) NOT NULL,
  `START_TIME` bigint(13) NOT NULL,
  `END_TIME` bigint(13) DEFAULT NULL,
  `CALENDAR_NAME` varchar(200) DEFAULT NULL,
  `MISFIRE_INSTR` smallint(2) DEFAULT NULL,
  `JOB_DATA` blob,
  PRIMARY KEY (`SCHED_NAME`,`TRIGGER_NAME`,`TRIGGER_GROUP`),
  KEY `IDX_QRTZ_T_J` (`SCHED_NAME`,`JOB_NAME`,`JOB_GROUP`),
  KEY `IDX_QRTZ_T_JG` (`SCHED_NAME`,`JOB_GROUP`),
  KEY `IDX_QRTZ_T_C` (`SCHED_NAME`,`CALENDAR_NAME`),
  KEY `IDX_QRTZ_T_G` (`SCHED_NAME`,`TRIGGER_GROUP`),
  KEY `IDX_QRTZ_T_STATE` (`SCHED_NAME`,`TRIGGER_STATE`),
  KEY `IDX_QRTZ_T_N_STATE` (`SCHED_NAME`,`TRIGGER_NAME`,`TRIGGER_GROUP`,`TRIGGER_STATE`),
  KEY `IDX_QRTZ_T_N_G_STATE` (`SCHED_NAME`,`TRIGGER_GROUP`,`TRIGGER_STATE`),
  KEY `IDX_QRTZ_T_NEXT_FIRE_TIME` (`SCHED_NAME`,`NEXT_FIRE_TIME`),
  KEY `IDX_QRTZ_T_NFT_ST` (`SCHED_NAME`,`TRIGGER_STATE`,`NEXT_FIRE_TIME`),
  KEY `IDX_QRTZ_T_NFT_MISFIRE` (`SCHED_NAME`,`MISFIRE_INSTR`,`NEXT_FIRE_TIME`),
  KEY `IDX_QRTZ_T_NFT_ST_MISFIRE` (`SCHED_NAME`,`MISFIRE_INSTR`,`NEXT_FIRE_TIME`,`TRIGGER_STATE`),
  KEY `IDX_QRTZ_T_NFT_ST_MISFIRE_GRP` (`SCHED_NAME`,`MISFIRE_INSTR`,`NEXT_FIRE_TIME`,`TRIGGER_GROUP`,`TRIGGER_STATE`),
  CONSTRAINT `qrtz_triggers_ibfk_1` FOREIGN KEY (`SCHED_NAME`, `JOB_NAME`, `JOB_GROUP`) REFERENCES `qrtz_job_details` (`SCHED_NAME`, `JOB_NAME`, `JOB_GROUP`)
) ENGINE=InnoDB DEFAULT CHARSET=utf8;

/*Data for the table `qrtz_triggers` */

insert  into `qrtz_triggers`(`SCHED_NAME`,`TRIGGER_NAME`,`TRIGGER_GROUP`,`JOB_NAME`,`JOB_GROUP`,`DESCRIPTION`,`NEXT_FIRE_TIME`,`PREV_FIRE_TIME`,`PRIORITY`,`TRIGGER_STATE`,`TRIGGER_TYPE`,`START_TIME`,`END_TIME`,`CALENDAR_NAME`,`MISFIRE_INSTR`,`JOB_DATA`) values ('RenrenScheduler','TASK_1','DEFAULT','TASK_1','DEFAULT',NULL,1550210400000,-1,5,'WAITING','CRON',1550208677000,0,NULL,2,'\0sr\0org.quartz.JobDataMap迩\0\0xr\0&org.quartz.utils.StringKeyDirtyFlagMap](\0Z\0allowsTransientDataxr\0org.quartz.utils.DirtyFlagMap.(v\n\0Z\0dirtyL\0mapt\0Ljava/util/Map;xpsr\0java.util.HashMap`\0F\0\nloadFactorI\0	thresholdxp?@\0\0\0\0\0w\0\0\0\0\0\0t\0\rJOB_PARAM_KEYsr\0.io.renren.modules.job.entity.ScheduleJobEntity\0\0\0\0\0\0\0\0L\0beanNamet\0Ljava/lang/String;L\0\ncreateTimet\0Ljava/util/Date;L\0cronExpressionq\0~\0	L\0jobIdt\0Ljava/lang/Long;L\0\nmethodNameq\0~\0	L\0paramsq\0~\0	L\0remarkq\0~\0	L\0statust\0Ljava/lang/Integer;xpt\0testTasksr\0java.util.DatehjKYt\0\0xpw\0\0X0xt\00 0/30 * * * ?sr\0java.lang.Long;̏#\0J\0valuexr\0java.lang.Number\0\0xp\0\0\0\0\0\0\0t\0testt\0renrent\0有参数测试sr\0java.lang.Integer⠤8\0I\0valuexq\0~\0\0\0\0\0x\0'),('RenrenScheduler','TASK_2','DEFAULT','TASK_2','DEFAULT',NULL,1550210400000,-1,5,'PAUSED','CRON',1550208677000,0,NULL,2,'\0sr\0org.quartz.JobDataMap迩\0\0xr\0&org.quartz.utils.StringKeyDirtyFlagMap](\0Z\0allowsTransientDataxr\0org.quartz.utils.DirtyFlagMap.(v\n\0Z\0dirtyL\0mapt\0Ljava/util/Map;xpsr\0java.util.HashMap`\0F\0\nloadFactorI\0	thresholdxp?@\0\0\0\0\0w\0\0\0\0\0\0t\0\rJOB_PARAM_KEYsr\0.io.renren.modules.job.entity.ScheduleJobEntity\0\0\0\0\0\0\0\0L\0beanNamet\0Ljava/lang/String;L\0\ncreateTimet\0Ljava/util/Date;L\0cronExpressionq\0~\0	L\0jobIdt\0Ljava/lang/Long;L\0\nmethodNameq\0~\0	L\0paramsq\0~\0	L\0remarkq\0~\0	L\0statust\0Ljava/lang/Integer;xpt\0testTasksr\0java.util.DatehjKYt\0\0xpw\0\0Xw`xt\00 0/30 * * * ?sr\0java.lang.Long;̏#\0J\0valuexr\0java.lang.Number\0\0xp\0\0\0\0\0\0\0t\0test2pt\0无参数测试sr\0java.lang.Integer⠤8\0I\0valuexq\0~\0\0\0\0x\0');

/*Table structure for table `schedule_job` */

DROP TABLE IF EXISTS `schedule_job`;

CREATE TABLE `schedule_job` (
  `job_id` bigint(20) NOT NULL AUTO_INCREMENT COMMENT '任务id',
  `bean_name` varchar(200) DEFAULT NULL COMMENT 'spring bean名称',
  `method_name` varchar(100) DEFAULT NULL COMMENT '方法名',
  `params` varchar(2000) DEFAULT NULL COMMENT '参数',
  `cron_expression` varchar(100) DEFAULT NULL COMMENT 'cron表达式',
  `status` tinyint(4) DEFAULT NULL COMMENT '任务状态  0：正常  1：暂停',
  `remark` varchar(255) DEFAULT NULL COMMENT '备注',
  `create_time` datetime DEFAULT NULL COMMENT '创建时间',
  PRIMARY KEY (`job_id`)
) ENGINE=InnoDB AUTO_INCREMENT=3 DEFAULT CHARSET=utf8 COMMENT='定时任务';

/*Data for the table `schedule_job` */

insert  into `schedule_job`(`job_id`,`bean_name`,`method_name`,`params`,`cron_expression`,`status`,`remark`,`create_time`) values (1,'testTask','test','renren','0 0/30 * * * ?',0,'有参数测试','2016-12-01 23:16:46'),(2,'testTask','test2',NULL,'0 0/30 * * * ?',1,'无参数测试','2016-12-03 14:55:56');

/*Table structure for table `schedule_job_log` */

DROP TABLE IF EXISTS `schedule_job_log`;

CREATE TABLE `schedule_job_log` (
  `log_id` bigint(20) NOT NULL AUTO_INCREMENT COMMENT '任务日志id',
  `job_id` bigint(20) NOT NULL COMMENT '任务id',
  `bean_name` varchar(200) DEFAULT NULL COMMENT 'spring bean名称',
  `method_name` varchar(100) DEFAULT NULL COMMENT '方法名',
  `params` varchar(2000) DEFAULT NULL COMMENT '参数',
  `status` tinyint(4) NOT NULL COMMENT '任务状态    0：成功    1：失败',
  `error` varchar(2000) DEFAULT NULL COMMENT '失败信息',
  `times` int(11) NOT NULL COMMENT '耗时(单位：毫秒)',
  `create_time` datetime DEFAULT NULL COMMENT '创建时间',
  PRIMARY KEY (`log_id`),
  KEY `job_id` (`job_id`)
) ENGINE=InnoDB DEFAULT CHARSET=utf8 COMMENT='定时任务日志';

/*Data for the table `schedule_job_log` */

/*Table structure for table `sys_config` */

DROP TABLE IF EXISTS `sys_config`;

CREATE TABLE `sys_config` (
  `id` bigint(20) NOT NULL AUTO_INCREMENT,
  `param_key` varchar(50) DEFAULT NULL COMMENT 'key',
  `param_value` varchar(2000) DEFAULT NULL COMMENT 'value',
  `status` tinyint(4) DEFAULT '1' COMMENT '状态   0：隐藏   1：显示',
  `remark` varchar(500) DEFAULT NULL COMMENT '备注',
  PRIMARY KEY (`id`),
  UNIQUE KEY `param_key` (`param_key`)
) ENGINE=InnoDB AUTO_INCREMENT=2 DEFAULT CHARSET=utf8 COMMENT='系统配置信息表';

/*Data for the table `sys_config` */

insert  into `sys_config`(`id`,`param_key`,`param_value`,`status`,`remark`) values (1,'CLOUD_STORAGE_CONFIG_KEY','{\"aliyunAccessKeyId\":\"\",\"aliyunAccessKeySecret\":\"\",\"aliyunBucketName\":\"\",\"aliyunDomain\":\"\",\"aliyunEndPoint\":\"\",\"aliyunPrefix\":\"\",\"qcloudBucketName\":\"\",\"qcloudDomain\":\"\",\"qcloudPrefix\":\"\",\"qcloudSecretId\":\"\",\"qcloudSecretKey\":\"\",\"qiniuAccessKey\":\"NrgMfABZxWLo5B-YYSjoE8-AZ1EISdi1Z3ubLOeZ\",\"qiniuBucketName\":\"ios-app\",\"qiniuDomain\":\"http://7xqbwh.dl1.z0.glb.clouddn.com\",\"qiniuPrefix\":\"upload\",\"qiniuSecretKey\":\"uIwJHevMRWU0VLxFvgy0tAcOdGqasdtVlJkdy6vV\",\"type\":1}',0,'云存储配置信息');

/*Table structure for table `sys_dept` */

DROP TABLE IF EXISTS `sys_dept`;

CREATE TABLE `sys_dept` (
  `dept_id` bigint(20) NOT NULL AUTO_INCREMENT,
  `parent_id` bigint(20) DEFAULT NULL COMMENT '上级部门ID，一级部门为0',
  `name` varchar(50) DEFAULT NULL COMMENT '部门名称',
  `order_num` int(11) DEFAULT NULL COMMENT '排序',
  `del_flag` tinyint(4) DEFAULT '0' COMMENT '是否删除  -1：已删除  0：正常',
  PRIMARY KEY (`dept_id`)
) ENGINE=InnoDB AUTO_INCREMENT=6 DEFAULT CHARSET=utf8 COMMENT='部门管理';

/*Data for the table `sys_dept` */

insert  into `sys_dept`(`dept_id`,`parent_id`,`name`,`order_num`,`del_flag`) values (1,0,'人人开源集团',0,0),(2,1,'长沙分公司',1,0),(3,1,'上海分公司',2,0),(4,3,'技术部',0,0),(5,3,'销售部',1,0);

/*Table structure for table `sys_dict` */

DROP TABLE IF EXISTS `sys_dict`;

CREATE TABLE `sys_dict` (
  `id` bigint(20) NOT NULL AUTO_INCREMENT,
  `name` varchar(100) NOT NULL COMMENT '字典名称',
  `type` varchar(100) NOT NULL COMMENT '字典类型',
  `code` varchar(100) NOT NULL COMMENT '字典码',
  `value` varchar(1000) NOT NULL COMMENT '字典值',
  `order_num` int(11) DEFAULT '0' COMMENT '排序',
  `remark` varchar(255) DEFAULT NULL COMMENT '备注',
  `del_flag` tinyint(4) DEFAULT '0' COMMENT '删除标记  -1：已删除  0：正常',
  PRIMARY KEY (`id`),
  UNIQUE KEY `type` (`type`,`code`)
) ENGINE=InnoDB AUTO_INCREMENT=4 DEFAULT CHARSET=utf8 COMMENT='数据字典表';

/*Data for the table `sys_dict` */

insert  into `sys_dict`(`id`,`name`,`type`,`code`,`value`,`order_num`,`remark`,`del_flag`) values (1,'性别','sex','0','女',0,NULL,0),(2,'性别','sex','1','男',1,NULL,0),(3,'性别','sex','2','未知',3,NULL,0);

/*Table structure for table `sys_log` */

DROP TABLE IF EXISTS `sys_log`;

CREATE TABLE `sys_log` (
  `id` bigint(20) NOT NULL AUTO_INCREMENT,
  `username` varchar(50) DEFAULT NULL COMMENT '用户名',
  `operation` varchar(50) DEFAULT NULL COMMENT '用户操作',
  `method` varchar(200) DEFAULT NULL COMMENT '请求方法',
  `params` varchar(5000) DEFAULT NULL COMMENT '请求参数',
  `time` bigint(20) NOT NULL COMMENT '执行时长(毫秒)',
  `ip` varchar(64) DEFAULT NULL COMMENT 'IP地址',
  `create_date` datetime DEFAULT NULL COMMENT '创建时间',
  PRIMARY KEY (`id`)
) ENGINE=InnoDB DEFAULT CHARSET=utf8 COMMENT='系统日志';

/*Data for the table `sys_log` */

/*Table structure for table `sys_menu` */

DROP TABLE IF EXISTS `sys_menu`;

CREATE TABLE `sys_menu` (
  `menu_id` bigint(20) NOT NULL AUTO_INCREMENT,
  `parent_id` bigint(20) DEFAULT NULL COMMENT '父菜单ID，一级菜单为0',
  `name` varchar(50) DEFAULT NULL COMMENT '菜单名称',
  `url` varchar(200) DEFAULT NULL COMMENT '菜单URL',
  `perms` varchar(500) DEFAULT NULL COMMENT '授权(多个用逗号分隔，如：user:list,user:create)',
  `type` int(11) DEFAULT NULL COMMENT '类型   0：目录   1：菜单   2：按钮',
  `icon` varchar(50) DEFAULT NULL COMMENT '菜单图标',
  `order_num` int(11) DEFAULT NULL COMMENT '排序',
  PRIMARY KEY (`menu_id`)
) ENGINE=InnoDB AUTO_INCREMENT=41 DEFAULT CHARSET=utf8 COMMENT='菜单管理';

/*Data for the table `sys_menu` */

insert  into `sys_menu`(`menu_id`,`parent_id`,`name`,`url`,`perms`,`type`,`icon`,`order_num`) values (1,0,'系统管理',NULL,NULL,0,'fa fa-cog',0),(2,1,'管理员管理','modules/sys/user.html',NULL,1,'fa fa-user',1),(3,1,'角色管理','modules/sys/role.html',NULL,1,'fa fa-user-secret',2),(4,1,'菜单管理','modules/sys/menu.html',NULL,1,'fa fa-th-list',3),(5,1,'SQL监控','druid/sql.html',NULL,1,'fa fa-bug',4),(6,1,'定时任务','modules/job/schedule.html',NULL,1,'fa fa-tasks',5),(7,6,'查看',NULL,'sys:schedule:list,sys:schedule:info',2,NULL,0),(8,6,'新增',NULL,'sys:schedule:save',2,NULL,0),(9,6,'修改',NULL,'sys:schedule:update',2,NULL,0),(10,6,'删除',NULL,'sys:schedule:delete',2,NULL,0),(11,6,'暂停',NULL,'sys:schedule:pause',2,NULL,0),(12,6,'恢复',NULL,'sys:schedule:resume',2,NULL,0),(13,6,'立即执行',NULL,'sys:schedule:run',2,NULL,0),(14,6,'日志列表',NULL,'sys:schedule:log',2,NULL,0),(15,2,'查看',NULL,'sys:user:list,sys:user:info',2,NULL,0),(16,2,'新增',NULL,'sys:user:save,sys:role:select',2,NULL,0),(17,2,'修改',NULL,'sys:user:update,sys:role:select',2,NULL,0),(18,2,'删除',NULL,'sys:user:delete',2,NULL,0),(19,3,'查看',NULL,'sys:role:list,sys:role:info',2,NULL,0),(20,3,'新增',NULL,'sys:role:save,sys:menu:perms',2,NULL,0),(21,3,'修改',NULL,'sys:role:update,sys:menu:perms',2,NULL,0),(22,3,'删除',NULL,'sys:role:delete',2,NULL,0),(23,4,'查看',NULL,'sys:menu:list,sys:menu:info',2,NULL,0),(24,4,'新增',NULL,'sys:menu:save,sys:menu:select',2,NULL,0),(25,4,'修改',NULL,'sys:menu:update,sys:menu:select',2,NULL,0),(26,4,'删除',NULL,'sys:menu:delete',2,NULL,0),(27,1,'参数管理','modules/sys/config.html','sys:config:list,sys:config:info,sys:config:save,sys:config:update,sys:config:delete',1,'fa fa-sun-o',6),(29,1,'系统日志','modules/sys/log.html','sys:log:list',1,'fa fa-file-text-o',7),(30,1,'文件上传','modules/oss/oss.html','sys:oss:all',1,'fa fa-file-image-o',6),(31,1,'部门管理','modules/sys/dept.html',NULL,1,'fa fa-file-code-o',1),(32,31,'查看',NULL,'sys:dept:list,sys:dept:info',2,NULL,0),(33,31,'新增',NULL,'sys:dept:save,sys:dept:select',2,NULL,0),(34,31,'修改',NULL,'sys:dept:update,sys:dept:select',2,NULL,0),(35,31,'删除',NULL,'sys:dept:delete',2,NULL,0),(36,1,'字典管理','modules/sys/dict.html',NULL,1,'fa fa-bookmark-o',6),(37,36,'查看',NULL,'sys:dict:list,sys:dict:info',2,NULL,6),(38,36,'新增',NULL,'sys:dict:save',2,NULL,6),(39,36,'修改',NULL,'sys:dict:update',2,NULL,6),(40,36,'删除',NULL,'sys:dict:delete',2,NULL,6);

/*Table structure for table `sys_oss` */

DROP TABLE IF EXISTS `sys_oss`;

CREATE TABLE `sys_oss` (
  `id` bigint(20) NOT NULL AUTO_INCREMENT,
  `url` varchar(200) DEFAULT NULL COMMENT 'URL地址',
  `create_date` datetime DEFAULT NULL COMMENT '创建时间',
  PRIMARY KEY (`id`)
) ENGINE=InnoDB DEFAULT CHARSET=utf8 COMMENT='文件上传';

/*Data for the table `sys_oss` */

/*Table structure for table `sys_role` */

DROP TABLE IF EXISTS `sys_role`;

CREATE TABLE `sys_role` (
  `role_id` bigint(20) NOT NULL AUTO_INCREMENT,
  `role_name` varchar(100) DEFAULT NULL COMMENT '角色名称',
  `remark` varchar(100) DEFAULT NULL COMMENT '备注',
  `dept_id` bigint(20) DEFAULT NULL COMMENT '部门ID',
  `create_time` datetime DEFAULT NULL COMMENT '创建时间',
  PRIMARY KEY (`role_id`)
) ENGINE=InnoDB DEFAULT CHARSET=utf8 COMMENT='角色';

/*Data for the table `sys_role` */

/*Table structure for table `sys_role_dept` */

DROP TABLE IF EXISTS `sys_role_dept`;

CREATE TABLE `sys_role_dept` (
  `id` bigint(20) NOT NULL AUTO_INCREMENT,
  `role_id` bigint(20) DEFAULT NULL COMMENT '角色ID',
  `dept_id` bigint(20) DEFAULT NULL COMMENT '部门ID',
  PRIMARY KEY (`id`)
) ENGINE=InnoDB DEFAULT CHARSET=utf8 COMMENT='角色与部门对应关系';

/*Data for the table `sys_role_dept` */

/*Table structure for table `sys_role_menu` */

DROP TABLE IF EXISTS `sys_role_menu`;

CREATE TABLE `sys_role_menu` (
  `id` bigint(20) NOT NULL AUTO_INCREMENT,
  `role_id` bigint(20) DEFAULT NULL COMMENT '角色ID',
  `menu_id` bigint(20) DEFAULT NULL COMMENT '菜单ID',
  PRIMARY KEY (`id`)
) ENGINE=InnoDB DEFAULT CHARSET=utf8 COMMENT='角色与菜单对应关系';

/*Data for the table `sys_role_menu` */

/*Table structure for table `sys_user` */

DROP TABLE IF EXISTS `sys_user`;

CREATE TABLE `sys_user` (
  `user_id` bigint(20) NOT NULL AUTO_INCREMENT,
  `username` varchar(50) NOT NULL COMMENT '用户名',
  `password` varchar(100) DEFAULT NULL COMMENT '密码',
  `salt` varchar(20) DEFAULT NULL COMMENT '盐',
  `email` varchar(100) DEFAULT NULL COMMENT '邮箱',
  `mobile` varchar(100) DEFAULT NULL COMMENT '手机号',
  `status` tinyint(4) DEFAULT NULL COMMENT '状态  0：禁用   1：正常',
  `dept_id` bigint(20) DEFAULT NULL COMMENT '部门ID',
  `create_time` datetime DEFAULT NULL COMMENT '创建时间',
  PRIMARY KEY (`user_id`),
  UNIQUE KEY `username` (`username`)
) ENGINE=InnoDB AUTO_INCREMENT=2 DEFAULT CHARSET=utf8 COMMENT='系统用户';

/*Data for the table `sys_user` */

insert  into `sys_user`(`user_id`,`username`,`password`,`salt`,`email`,`mobile`,`status`,`dept_id`,`create_time`) values (1,'admin','e1153123d7d180ceeb820d577ff119876678732a68eef4e6ffc0b1f06a01f91b','YzcmCZNvbXocrsz9dm8e','root@renren.io','13612345678',1,1,'2016-11-11 11:11:11');

/*Table structure for table `sys_user_role` */

DROP TABLE IF EXISTS `sys_user_role`;

CREATE TABLE `sys_user_role` (
  `id` bigint(20) NOT NULL AUTO_INCREMENT,
  `user_id` bigint(20) DEFAULT NULL COMMENT '用户ID',
  `role_id` bigint(20) DEFAULT NULL COMMENT '角色ID',
  PRIMARY KEY (`id`)
) ENGINE=InnoDB DEFAULT CHARSET=utf8 COMMENT='用户与角色对应关系';

/*Data for the table `sys_user_role` */

/*Table structure for table `tb_ads_category` */

DROP TABLE IF EXISTS `tb_ads_category`;

CREATE TABLE `tb_ads_category` (
  `id` int(11) NOT NULL AUTO_INCREMENT,
  `ads_title` varchar(100) DEFAULT NULL COMMENT '广告标题',
  `ads_img` varchar(255) DEFAULT NULL COMMENT '广告图片',
  `ads_url` varchar(255) DEFAULT NULL COMMENT '广告链接',
  `ads_desc` varchar(100) DEFAULT NULL COMMENT '广告描述',
  `order_num` int(11) DEFAULT '0' COMMENT '排序标识',
  PRIMARY KEY (`id`)
) ENGINE=InnoDB AUTO_INCREMENT=5 DEFAULT CHARSET=utf8;

/*Data for the table `tb_ads_category` */

insert  into `tb_ads_category`(`id`,`ads_title`,`ads_img`,`ads_url`,`ads_desc`,`order_num`) values (1,'潮流酷玩','https://gw.alicdn.com/tfs/TB1dgbkQFXXXXaMaXXXXXXXXXXX-1125-87.png_.webp',NULL,'8月国内最火的手机，这几款值得一看！',0),(2,'买遍全球','https://gw.alicdn.com/tfs/TB1R07AQVXXXXcEXpXXXXXXXXXX-1125-87.png?getAvatar=1_.webp',NULL,'吃完必吮指的人气威化评测！',0),(3,'我淘我家','https://gw.alicdn.com/tfs/TB1EVHdQFXXXXbIaXXXXXXXXXXX-1125-87.png_.webp',NULL,'分娩前应该多吃的助产食物',0),(4,'时尚大咖','https://gw.alicdn.com/tfs/TB1Q6V8i22H8KJjy0FcXXaDlFXa-1125-87.png_.webp',NULL,'淘依时尚，收腰设计，显瘦效果',0);

/*Table structure for table `tb_ads_goods` */

DROP TABLE IF EXISTS `tb_ads_goods`;

CREATE TABLE `tb_ads_goods` (
  `id` int(10) unsigned NOT NULL AUTO_INCREMENT,
  `goods_img` varchar(255) DEFAULT NULL COMMENT '商品图片',
  `goods_id` bigint(20) DEFAULT NULL COMMENT '商品id',
  `category_id` int(11) DEFAULT NULL COMMENT '广告类型Id',
  PRIMARY KEY (`id`)
) ENGINE=InnoDB DEFAULT CHARSET=utf8;

/*Data for the table `tb_ads_goods` */

/*Table structure for table `tb_banner` */

DROP TABLE IF EXISTS `tb_banner`;

CREATE TABLE `tb_banner` (
  `id` int(10) unsigned NOT NULL AUTO_INCREMENT,
  `img_url` varchar(255) DEFAULT NULL COMMENT '图片地址',
  `link_url` varchar(255) DEFAULT NULL COMMENT '点击图片后，跳转的地址',
  `order_num` int(10) unsigned DEFAULT NULL COMMENT '排序标识 数字越小 越靠前',
  PRIMARY KEY (`id`)
) ENGINE=InnoDB AUTO_INCREMENT=9 DEFAULT CHARSET=utf8;

/*Data for the table `tb_banner` */

insert  into `tb_banner`(`id`,`img_url`,`link_url`,`order_num`) values (1,'https://gw.alicdn.com/imgextra/i1/65/O1CN01ToDrZD1CLoFYptkY2_!!65-0-lubanu.jpg',NULL,1),(2,'https://aecpm.alicdn.com/simba/img/TB1CWf9KpXXXXbuXpXXSutbFXXX.jpg_q50.jpg',NULL,2),(3,'https://aecpm.alicdn.com/simba/img/TB14ab1KpXXXXclXFXXSutbFXXX.jpg_q50.jpg',NULL,3),(4,'https://gw.alicdn.com/imgextra/i3/190/O1CN01MuOogz1DH3l2SC4v0_!!190-0-lubanu.jpg',NULL,4),(5,'https://gw.alicdn.com/imgextra/i4/99/O1CN015czayt1CbNi8wfAGE_!!99-0-lubanu.jpg',NULL,5),(6,'https://img.alicdn.com/tps/i4/TB1_I0aIY2pK1RjSZFsSuuNlXXa.jpg',NULL,6),(7,'https://gw.alicdn.com/imgextra/i3/159/O1CN01MUsmqT1D2rTWpO4cO_!!159-0-lubanu.jpg',NULL,7),(8,'https://gw.alicdn.com/imgextra/i4/89/O1CN01h7lp731CWnks8nKH6_!!89-0-lubanu.jpg',NULL,8);

/*Table structure for table `tb_nav` */

DROP TABLE IF EXISTS `tb_nav`;

CREATE TABLE `tb_nav` (
  `id` int(10) unsigned NOT NULL AUTO_INCREMENT,
  `img_url` varchar(255) DEFAULT NULL COMMENT '图片地址',
  `link_url` varchar(255) DEFAULT NULL COMMENT '跳转地址',
  `order_num` int(10) unsigned DEFAULT NULL COMMENT '排序标识 越小越靠前',
  `nav_name` varchar(10) DEFAULT NULL COMMENT '导航名称',
  PRIMARY KEY (`id`)
) ENGINE=InnoDB AUTO_INCREMENT=11 DEFAULT CHARSET=utf8;

/*Data for the table `tb_nav` */

insert  into `tb_nav`(`id`,`img_url`,`link_url`,`order_num`,`nav_name`) values (1,'https://gw.alicdn.com/tfs/TB1Wxi2trsrBKNjSZFpXXcXhFXa-183-144.png_.webp',NULL,1,'天猫'),(2,'https://img.alicdn.com/tfs/TB10UHQaNjaK1RjSZKzXXXVwXXa-183-144.png?getAvatar=1_.webp',NULL,2,'聚划算'),(3,'https://gw.alicdn.com/tfs/TB11rTqtj7nBKNjSZLeXXbxCFXa-183-144.png?getAvatar=1_.webp',NULL,3,'天猫国际'),(4,'https://gw.alicdn.com/tps/TB1eXc7PFXXXXb4XpXXXXXXXXXX-183-144.png?getAvatar=1_.webp',NULL,4,'外卖'),(5,'https://gw.alicdn.com/tfs/TB1IKqDtpooBKNjSZFPXXXa2XXa-183-144.png_.webp',NULL,5,'天猫超市'),(6,'https://gw.alicdn.com/tfs/TB1o0FLtyMnBKNjSZFoXXbOSFXa-183-144.png_.webp',NULL,6,'充值中心'),(7,'https://gw.alicdn.com/tfs/TB1ydXzhCzqK1RjSZPcXXbTepXa-183-144.png?getAvatar=1_.webp',NULL,7,'飞猪旅行'),(8,'https://gw.alicdn.com/tfs/TB1BqystrZnBKNjSZFrXXaRLFXa-183-144.png?getAvatar=1_.webp',NULL,8,'领金币'),(9,'https://gw.alicdn.com/tfs/TB1CMf4tlnTBKNjSZPfXXbf1XXa-183-144.png?getAvatar=1_.webp',NULL,9,'拍卖'),(10,'https://gw.alicdn.com/tfs/TB18P98tyQnBKNjSZFmXXcApVXa-183-144.png?getAvatar=1_.webp',NULL,10,'分类');

/*Table structure for table `tb_news` */

DROP TABLE IF EXISTS `tb_news`;

CREATE TABLE `tb_news` (
  `id` int(11) NOT NULL AUTO_INCREMENT,
  `news_name` varchar(255) DEFAULT NULL COMMENT '新闻名称',
  `news_content` text COMMENT '新闻内容',
  `news_url` varchar(255) DEFAULT NULL COMMENT '点击跳转url,可不带',
  `order_num` int(11) DEFAULT NULL COMMENT '排序标识',
  PRIMARY KEY (`id`)
) ENGINE=InnoDB AUTO_INCREMENT=7 DEFAULT CHARSET=utf8;

/*Data for the table `tb_news` */

insert  into `tb_news`(`id`,`news_name`,`news_content`,`news_url`,`order_num`) values (1,'苹果大招来了？iPhone新品或将来袭',NULL,NULL,1),(2,'苹果iphone se2于3月发布？',NULL,NULL,2),(3,'即将发布的6款新机，有你喜欢的么?',NULL,NULL,3),(4,'汽车届的“小米”！上市即爆红，仅10万',NULL,NULL,4),(5,'猫砂多久换一次，你这个主人靠谱吗？',NULL,NULL,5),(6,'iPhone上架千元机，为清仓做准备！',NULL,NULL,6);

/*Table structure for table `tb_token` */

DROP TABLE IF EXISTS `tb_token`;

CREATE TABLE `tb_token` (
  `user_id` bigint(20) NOT NULL,
  `token` varchar(100) NOT NULL COMMENT 'token',
  `expire_time` datetime DEFAULT NULL COMMENT '过期时间',
  `update_time` datetime DEFAULT NULL COMMENT '更新时间',
  PRIMARY KEY (`user_id`),
  UNIQUE KEY `token` (`token`)
) ENGINE=InnoDB DEFAULT CHARSET=utf8 COMMENT='用户Token';

/*Data for the table `tb_token` */

insert  into `tb_token`(`user_id`,`token`,`expire_time`,`update_time`) values (2,'5ca17a5077ba47048dc8c0274296dc64','2019-02-25 04:28:21','2019-02-24 16:28:21'),(3,'986ccf64e75346b39bb5728bb01c23a8','2019-03-17 01:24:18','2019-03-16 13:24:18'),(4,'93485e41abb54b33b6af60c55d825449','2019-03-20 21:29:17','2019-03-20 09:29:17');

/*Table structure for table `tb_user` */

DROP TABLE IF EXISTS `tb_user`;

CREATE TABLE `tb_user` (
  `user_id` bigint(20) NOT NULL AUTO_INCREMENT,
  `username` varchar(50) NOT NULL COMMENT '用户名',
  `mobile` varchar(20) NOT NULL COMMENT '手机号',
  `password` varchar(64) DEFAULT NULL COMMENT '密码',
  `create_time` datetime DEFAULT NULL COMMENT '创建时间',
  `ip` varchar(30) DEFAULT NULL COMMENT '登录ip',
  `login_time` datetime DEFAULT NULL COMMENT '登录时间',
  PRIMARY KEY (`user_id`),
  UNIQUE KEY `username` (`username`)
) ENGINE=InnoDB AUTO_INCREMENT=5 DEFAULT CHARSET=utf8 COMMENT='用户';

/*Data for the table `tb_user` */

insert  into `tb_user`(`user_id`,`username`,`mobile`,`password`,`create_time`,`ip`,`login_time`) values (1,'mark','13612345678','8d969eef6ecad3c29a3a629280e686cf0c3f5d5a86aff3ca12020c923adc6c92','2017-03-23 22:37:41',NULL,NULL),(2,'admin','13562959695','8d969eef6ecad3c29a3a629280e686cf0c3f5d5a86aff3ca12020c923adc6c92',NULL,NULL,NULL),(3,'18865392565','18865392565','8d969eef6ecad3c29a3a629280e686cf0c3f5d5a86aff3ca12020c923adc6c92','2019-02-25 14:17:16','0:0:0:0:0:0:0:1','2019-03-16 13:24:18'),(4,'18888888888','18888888888','8d969eef6ecad3c29a3a629280e686cf0c3f5d5a86aff3ca12020c923adc6c92','2019-03-19 10:45:30',NULL,NULL);

/*!40101 SET SQL_MODE=@OLD_SQL_MODE */;
/*!40014 SET FOREIGN_KEY_CHECKS=@OLD_FOREIGN_KEY_CHECKS */;
/*!40014 SET UNIQUE_CHECKS=@OLD_UNIQUE_CHECKS */;
/*!40111 SET SQL_NOTES=@OLD_SQL_NOTES */;
